-- phpMyAdmin SQL Dump
-- version 3.5.8.2
-- http://www.phpmyadmin.net
--
-- Host: localhost
-- Generation Time: Sep 02, 2017 at 05:45 PM
-- Server version: 5.5.31
-- PHP Version: 5.4.45

SET SQL_MODE="NO_AUTO_VALUE_ON_ZERO";
SET time_zone = "+00:00";


/*!40101 SET @OLD_CHARACTER_SET_CLIENT=@@CHARACTER_SET_CLIENT */;
/*!40101 SET @OLD_CHARACTER_SET_RESULTS=@@CHARACTER_SET_RESULTS */;
/*!40101 SET @OLD_COLLATION_CONNECTION=@@COLLATION_CONNECTION */;
/*!40101 SET NAMES utf8 */;

--
-- Database: `itsisake_los`
--

-- --------------------------------------------------------

--
-- Table structure for table `FINGER`
--

CREATE TABLE IF NOT EXISTS `FINGER` (
  `NO_S` int(5) NOT NULL COMMENT 'รหัสลายนิ้วมือ',
  `ID_S` int(11) NOT NULL AUTO_INCREMENT,
  `DATE` date NOT NULL COMMENT 'วันที่',
  `TIME` varchar(5) COLLATE utf8_unicode_ci NOT NULL COMMENT 'เวลา',
  `CTRLCODE` int(1) NOT NULL COMMENT '0= เข้า 1=ออก',
  PRIMARY KEY (`ID_S`)
) ENGINE=MyISAM  DEFAULT CHARSET=utf8 COLLATE=utf8_unicode_ci AUTO_INCREMENT=101 ;

--
-- Dumping data for table `FINGER`
--

INSERT INTO `FINGER` (`NO_S`, `ID_S`, `DATE`, `TIME`, `CTRLCODE`) VALUES
(1, 1, '2017-07-16', '21:51', 0),
(1, 2, '2017-07-17', '00:14', 1),
(9, 3, '2017-07-17', '01:45', 0),
(7, 4, '2017-07-17', '01:47', 0),
(9, 100, '2017-07-17', '08:51', 1);

-- --------------------------------------------------------

--
-- Table structure for table `KEY_PASS`
--

CREATE TABLE IF NOT EXISTS `KEY_PASS` (
  `USER_CODE` varchar(10) COLLATE utf8_unicode_ci NOT NULL COMMENT 'รหัสผู้ใช้งาน',
  `PASS` varchar(150) COLLATE utf8_unicode_ci NOT NULL COMMENT 'รหัส PASSWARD 150/5',
  `ID` varchar(13) COLLATE utf8_unicode_ci NOT NULL COMMENT 'บัตรประชาชน',
  `NO_S` int(5) NOT NULL COMMENT 'รหัสลายนิ้วมือ',
  `NO` varchar(10) COLLATE utf8_unicode_ci NOT NULL COMMENT 'รหัสเจ้าหน้าที่',
  `USER_TITLE` varchar(20) COLLATE utf8_unicode_ci NOT NULL COMMENT 'คำนำหน้า',
  `NAME` varchar(50) COLLATE utf8_unicode_ci NOT NULL COMMENT 'ชื่อ',
  `LASTNAME` varchar(50) COLLATE utf8_unicode_ci NOT NULL COMMENT 'สกุล',
  `DEPA_NAME` varchar(50) COLLATE utf8_unicode_ci NOT NULL COMMENT 'แผนก',
  `POSI_NAME` varchar(50) COLLATE utf8_unicode_ci NOT NULL COMMENT 'ตำแหน่ง',
  PRIMARY KEY (`USER_CODE`)
) ENGINE=MyISAM DEFAULT CHARSET=utf8 COLLATE=utf8_unicode_ci;

--
-- Dumping data for table `KEY_PASS`
--

INSERT INTO `KEY_PASS` (`USER_CODE`, `PASS`, `ID`, `NO_S`, `NO`, `USER_TITLE`, `NAME`, `LASTNAME`, `DEPA_NAME`, `POSI_NAME`) VALUES
('insoun', '10687', '1320000000123', 9, '07-0001', 'นาย', 'ชฏิภกรน์', 'ทรายหมอ', 'ที่ปรึกษาระบบโปรแกรม และพัฒนาระบบ', 'ศูนย์สารสนเทศ'),
('admin', 'admin', '1233354687412', 7, '07-0003', 'นาย', 'ธีรพงศ์', 'สงผัด', 'เทคโนโลยีสารสนเทศ', 'อาจายร์ประจำ'),
('maxmumi99', 'maxmumi99', '1332000000946', 1, '07-0002', 'สิบเอก', 'ปฐวีกานต์', 'ศรีคราม', 'เทคโนโลยีสารสนเทศ', 'ออกแบบและพัฒนาระบบ');

-- --------------------------------------------------------

--
-- Table structure for table `SLIPPAYROLL`
--

CREATE TABLE IF NOT EXISTS `SLIPPAYROLL` (
  `NO` varchar(10) COLLATE utf8_unicode_ci NOT NULL COMMENT 'รหัสเจ้าหน้าที่ ',
  `ID_SLIP` int(11) NOT NULL AUTO_INCREMENT,
  `SLIP_NO` int(9) NOT NULL COMMENT 'เลขที่รับเงินเดือน',
  `MONTH` int(2) NOT NULL COMMENT 'เดือนที่จ่าย ',
  `YEAR` int(4) NOT NULL COMMENT 'ปีที่จ่าย',
  `DATE` date NOT NULL COMMENT 'วันที่จ่าย',
  `PIC_SLIP` varchar(100) COLLATE utf8_unicode_ci NOT NULL COMMENT 'เก็บรูปภาพ',
  `TYPE_C` varchar(50) COLLATE utf8_unicode_ci NOT NULL COMMENT 'หมายเหตุ',
  `CTRLCODE` int(1) NOT NULL COMMENT '1= ส่งปกติ 2=อ่านแล้ว ',
  PRIMARY KEY (`ID_SLIP`)
) ENGINE=MyISAM  DEFAULT CHARSET=utf8 COLLATE=utf8_unicode_ci AUTO_INCREMENT=5 ;

--
-- Dumping data for table `SLIPPAYROLL`
--

INSERT INTO `SLIPPAYROLL` (`NO`, `ID_SLIP`, `SLIP_NO`, `MONTH`, `YEAR`, `DATE`, `PIC_SLIP`, `TYPE_C`, `CTRLCODE`) VALUES
('07-0002', 1, 1, 7, 2017, '2017-07-16', 'slip.jpg', 'แจ้งรับเงินเดือน', 0),
('07-0002', 2, 2, 7, 2017, '2017-07-16', 'slip.jpg', 'แจ้งรับเงินเดือน', 1),
('07-0001', 3, 123, 7, 2017, '2017-07-17', 'slip.jpg', 'แจ้งรับเงินเดือน', 0),
('07-0003', 4, 1255, 7, 2017, '2017-07-17', 'slip.jpg', 'แจ้งรับเงินเดือน', 1);

-- --------------------------------------------------------

--
-- Table structure for table `tbl_amphur`
--

CREATE TABLE IF NOT EXISTS `tbl_amphur` (
  `AMPHUR_ID` int(5) NOT NULL AUTO_INCREMENT COMMENT 'รหัสอำเภอ',
  `AMPHUR_CODE` varchar(4) COLLATE utf8_unicode_ci NOT NULL COMMENT 'รหัสไปรษณีย์',
  `AMPHUR_NAME` varchar(150) COLLATE utf8_unicode_ci NOT NULL COMMENT 'ชื่ออำเภอ',
  `AREA` varchar(100) COLLATE utf8_unicode_ci NOT NULL COMMENT 'พื้นที่',
  `POPULATION` varchar(100) COLLATE utf8_unicode_ci NOT NULL COMMENT 'จำนวนประชากร',
  `LOCATION` varchar(100) COLLATE utf8_unicode_ci NOT NULL COMMENT 'พิกัด',
  `SLOGAN` text COLLATE utf8_unicode_ci NOT NULL COMMENT 'คำขวัญ',
  `TERRITORY` text COLLATE utf8_unicode_ci NOT NULL COMMENT 'อนาเขต',
  `PHOTO_MAP` varchar(100) COLLATE utf8_unicode_ci NOT NULL COMMENT 'รูปภาพแผ่นที่',
  PRIMARY KEY (`AMPHUR_ID`)
) ENGINE=MyISAM  DEFAULT CHARSET=utf8 COLLATE=utf8_unicode_ci AUTO_INCREMENT=1023 ;

--
-- Dumping data for table `tbl_amphur`
--

INSERT INTO `tbl_amphur` (`AMPHUR_ID`, `AMPHUR_CODE`, `AMPHUR_NAME`, `AREA`, `POPULATION`, `LOCATION`, `SLOGAN`, `TERRITORY`, `PHOTO_MAP`) VALUES
(290, '3301', 'เมืองศรีสะเกษ   ', '576.366 ตร.กม.', '139,753 คน (พ.ศ. 2557)', '15.120917, 104.331897', 'หลวงพ่อโตคู่บ้าน ถิ่นฐานปราสาทขอมข้าวหอม  กระเทียมดี  มีสวนสมเด็จ เขตดงลำดวน หลากล้วนวัฒนธรรม  เลิศล้ำสามัคคี \r\n', '"ทิศเหนือ    ติดต่อกับอำเภอราษีไศลและอำเภอยางชุมน้อย\nทิศตะวันออก    ติดต่อกับอำเภอกันทรารมย์\nทิศใต้    ติดต่อกับอำเภอน้ำเกลี้ยง อำเภอพยุห์ และอำเภอวังหิน\nทิศตะวันตก    ติดต่อกับอำเภออุทุมพรพิสัย"\r\n', 'https://upload.wikimedia.org/wikipedia/commons/thumb/0/08/Amphoe_3301.svg/250px-Amphoe_3301.svg.png'),
(291, '3302', 'ยางชุมน้อย   ', '210.0 ตร.กม.', '36,873 คน (พ.ศ. 2557)', '15.262330, 104.398865', 'ยางชุมน้อย แดนคนขยัน หมั่นทำกินถิ่นหอมแดง แหล่งกระเทียมโทน\r\n', '"ทิศเหนือ     ติดต่อกับอำเภอค้อวัง (จังหวัดยโสธร) และอำเภอเขื่องใน (จังหวัดอุบลราชธานี)\nทิศตะวันออก     ติดต่อกับอำเภอกันทรารมย์\nทิศใต้     ติดต่อกับอำเภอเมืองศรีสะเกษ\nทิศตะวันตก     ติดต่อกับอำเภอราษีไศล"\r\n', 'https://upload.wikimedia.org/wikipedia/commons/thumb/a/a7/Amphoe_3302.svg/250px-Amphoe_3302.svg.png'),
(292, '3303', 'กันทรารมย์   ', '664.21 ตร.กม.', '100,055 คน (พ.ศ. 2557)', '15.105391, 104.575968', '"กันทรารมย์อุดมหอมกระเทียม ยอดเยี่ยมกลองตุ้ม\nปลาชุมมูลชี หม้อดินดีโพนทรายมีฝายหัวนา งามสง่าพระมงคลมิ่งเมือง"\r\n', '"ทิศเหนือ     ติดต่อกับอำเภอเขื่องใน (จังหวัดอุบลราชธานี)  ทิศตะวันออก     ติดต่อกับอำเภอเมืองอุบลราชธานี อำเภอวารินชำราบ และอำเภอสำโรง (จังหวัดอุบลราชธานี)\nทิศใต้     ติดต่อกับอำเภอโนนคูณและอำเภอน้ำเกลี้ยง  ทิศตะวันตก     ติดต่อกับอำเภอเมืองศรีสะเกษและอำเภอยางชุมน้อย"\r\n', 'https://upload.wikimedia.org/wikipedia/commons/thumb/7/7e/Amphoe_3303.svg/250px-Amphoe_3303.svg.png'),
(293, '3304', 'กันทรลักษ์   ', '1,346.0 ตร.กม.', '200,608 คน (พ.ศ. 2557)', '14.640502, 104.647699', '"แผนที่จังหวัดศรีสะเกษ เน้นอำเภอกันทรลักษ์\nกันทรลักษ์ เมืองหลักการเกษตร เขตประตูสู่เขาพระวิหารงามพลาญผามออีแดง แหล่งรวมวัฒนธรรม"\r\n', '"ทิศเหนือ     ติดต่อกับตำบลสระเยาว์ ตำบลเสื่องข้าว อำเภอศรีรัตนะ และตำบลหนองฮาง ตำบลเสียว     ตำบลหนองหว้า ตำบลท่าคล้อ อำเภอเบญจลักษ์    ทิศตะวันออก     ติดต่อกับตำบลนาห่อม ตำบลโคกชำแระ    กุดเรือ อำเภอทุ่งศรีอุดม ตำบลไพบูลย์ ตำบลโคกสะอาด อำเภอน้ำขุ่น และตำบลโซง อำเภอน้ำยืน (จังหวัดอุบลราชธานี)\nทิศใต้     ติดต่อกับจังหวัดพระวิหารและจังหวัดอุดรมีชัย (ประเทศกัมพูชา)\nทิศตะวันตก     ติดต่อกับตำบลบักดอง ตำบลพราน ตำบลภูฝ้าย ตำบลไพร อำเภอขุนหาญ"\r\n', 'https://upload.wikimedia.org/wikipedia/commons/thumb/7/7a/Amphoe_3304.svg/250px-Amphoe_3304.svg.png'),
(294, '3305', 'ขุขันธ์   ', '914.309 ตร.กม.', '150,184 คน (พ.ศ. 2557)', '14.714514, 104.196979', '"ขุขันธ์เมืองเก่า ชนทุกเผ่าสามัคคี\nบารมีพระแก้วเนรมิตวัดลำภูคู่หลวงพ่อโตวัดเขียน\nกะอูบ เกวียน ครุน้อย เครื่องจักสาน\nปราสาทโบราณเป็นศรี ประเพณีแซนโฎนตา"\r\n', '"ทิศเหนือ     วัดเจ๊กโพธิพฤกษ์ ชุมชนชาวเจ๊ก ปัจจุบันคือ บ้านเจ๊ก หมูที่ 7 ตำบลห้วยเหนือ\nทิศตะวันออก     วัดเขียนบูรพาราม(เดิมชื่อ วัดเขมร แต่เรียกเพี้ยนเป็น วัดเขียน) ชุมชนชาวเขมร ปัจจุบันคือ บ้านพราน หมู่ที่ 4 ตำบลห้วยเหนือ\nทิศใต้     วัดบกจันทร์นคร ชุมชนชาวลาว(เวียงจันทน์) ปัจจุบันคือ บ้านบก หมู่ที่ 13 ตำบลห้วยเหนือ\nทิศตะวันตก     วัดไทยเทพนิมิต ชุมชนชาวไทย ปัจจุบันคือ บ้านห้วย หมู่ที่ 1 ตำบลห้วยเหนือ"\r\n', 'https://upload.wikimedia.org/wikipedia/commons/thumb/d/de/Amphoe_3305.svg/250px-Amphoe_3305.svg.png'),
(295, '3306', 'ไพรบึง   ', '266.8 ตร.กม.', '48,156 คน (พ.ศ. 2557)', '14.747428, 104.360466', 'เมืองล้านเป็ด เพชรพระธาตุปราสาทใหญ่ ไทยสี่เผ่า\r\n', '"ทิศเหนือ     ติดต่อกับอำเภอวังหินและอำเภอพยุห์\nทิศตะวันออก     ติดต่อกับอำเภอศรีรัตนะและอำเภอขุนหาญ\nทิศใต้     ติดต่อกับอำเภอขุนหาญและอำเภอขุขันธ์\nทิศตะวันตก     ติดต่อกับอำเภอขุขันธ์"\r\n', 'https://upload.wikimedia.org/wikipedia/commons/thumb/9/9a/Amphoe_3306.svg/250px-Amphoe_3306.svg.png'),
(296, '3307', 'ปรางค์กู่   ', '285.475 ตร.กม.', '68,019 คน (พ.ศ. 2557)', '14.857687, 104.038410', 'เมืองเก่าปรางค์กู่ ที่อยู่นกเป็ด ฝีมือเด็ดผ้าไหมเจียระไนพลอยดี มากมีอารยธรรม\r\n', '"ทิศเหนือ     ติดต่อกับตำบลผักไหม ตำบลกล้วยกว้าง อำเภอห้วยทับทัน และตำบลโคกจาน อำเภออุทุมพรพิสัย\nทิศตะวันออก     ติดต่อกับตำบลบุสูง ตำบลโพนยาง ตำบลศรีสำราญ อำเภอวังหิน และตำบลสำโรงตาเจ็น ตำบลโคกเพชร อำเภอขุขันธ์\nทิศใต้     ติดต่อกับตำบลใจดี ตำบลศรีสะอาด ตำบลปราสาท อำเภอขุขันธ์\nทิศตะวันตก     ติดต่อกับตำบลหนองแวง ตำบลแจนแวน ตำบลตรวจ อำเภอศรีณรงค์ ตำบลกุดหวาย อำเภอศีขรภูมิ และตำบลเกาะแก้ว อำเภอสำโรงทาบ (จังหวัดสุรินทร์)"\r\n', 'https://upload.wikimedia.org/wikipedia/commons/thumb/2/2a/Amphoe_3307.svg/250px-Amphoe_3307.svg.png'),
(297, '3308', 'ขุนหาญ   ', '772.39 ตร.กม.', '106,799 คน (พ.ศ. 2557)', '14.619420, 104.424312', '"ขุนหาญเมืองน้ำตก สะตอดกรสชาติดี\nมีเงาะทุเรียนหอมหวาน วัดล้านขวดล้ำค่า\nชาวประชาสามัคคี มากมีวัฒนธรรม"\r\n', '"ทิศเหนือ     ติดต่อกับ ตำบลสำโรงพลัน ตำบลไพรบึง อำเภอไพรบึง และตำบลพิงพวย ตำบลศรีแก้ว อำเภอศรีรัตนะ\nทิศตะวันออก     ติดต่อกับ ตำบลภูเงิน ตำบลกระแชง ตำบลทุ่งใหญ่ ตำบลซำ ตำบลละลาย อำเภอกันทรลักษ์\nทิศใต้     ติดต่อกับ อำเภออันลองเวง จังหวัดอุดรมีชัย และอำเภอจอมกระสานต์ จังหวัดพระวิหาร (ประเทศกัมพูชา)\nทิศตะวันตก     ติดต่อกับ ตำบลดงรัก ตำบลโคกตาล อำเภอภูสิงห์ และตำบลปรือใหญ่ ตำบลศรีตระกูล อำเภอขุขันธ์"\r\n', 'https://upload.wikimedia.org/wikipedia/commons/thumb/d/d5/Amphoe_3308.svg/250px-Amphoe_3308.svg.png'),
(298, '3309', 'ราษีไศล   ', '636.670 ตร.กม.', '81,084 คน (พ.ศ. 2557)', '15.346940, 104.155765', '"หาดทรายมูลคู่บ้าน ลิงบ้านหว้านคู่เมือง\nดงภูดินลือเลื่อง เมืองแห่งบั้งไฟแสน\nดินแดนหอมแดง แหล่งหมูหันรสดี\nฝายราษีสุดสวย พร้อมด้วยไข่ไก่งาม"\r\n', '"ทิศเหนือ     ติดต่อกับอำเภอโพนทราย (จังหวัดร้อยเอ็ด) อำเภอศิลาลาด และอำเภอมหาชนะชัย (จังหวัดยโสธร)\nทิศตะวันออก     ติดต่อกับอำเภอค้อวัง (จังหวัดยโสธร) และอำเภอยางชุมน้อย\nทิศใต้     ติดต่อกับอำเภอยางชุมน้อย อำเภอเมืองศรีสะเกษ และอำเภออุทุมพรพิสัย\nทิศตะวันตก     ติดต่อกับอำเภอบึงบูรพ์ และอำเภอรัตนบุรี (จังหวัดสุรินทร์)"\r\n', 'https://upload.wikimedia.org/wikipedia/commons/thumb/d/d1/Amphoe_3309.svg/250px-Amphoe_3309.svg.png'),
(299, '3310', 'อุทุมพรพิสัย   ', '407.9 ตร.กม.', '107,185 คน (พ.ศ. 2557)', '15.112376, 104.140080', '"แดนปราสาทหิน ถิ่นสะเดา\nข้าวหอมดี บารมีหลวงปู่เครื่อง\nลือเลื่องทับหลัง บ่อน้ำขลังศักดิ์สิทธิ์"\r\n', '"ทิศเหนือ     ติดต่อกับอำเภอบึงบูรพ์ และอำเภอราษีไศล\nทิศตะวันออก     ติดต่อกับอำเภอเมืองศรีสะเกษ\nทิศใต้     ติดต่อกับอำเภอวังหิน อำเภอปรางค์กู่ และอำเภอห้วยทับทัน\nทิศตะวันตก     ติดต่อกับอำเภอห้วยทับทัน อำเภอเมืองจันทร์ และอำเภอโพธิ์ศรีสุวรรณ"\r\n', 'https://upload.wikimedia.org/wikipedia/commons/thumb/c/c4/Amphoe_3310.svg/250px-Amphoe_3310.svg.png'),
(300, '3311', 'บึงบูรพ์   ', '49.582 ตร.กม.', '10,709 คน (พ.ศ. 2557)', '15.331254, 104.045839', '"บึงบูรพ์ถิ่นบัวบาน คนรักบ้าน ข้าวสารขาว\nสาวแสนสวย ร่ำรวยน้ำใจ ผ้าไหมเนื้อดี\nมากมีวิชา พัฒนาทุกทาง"\r\n', '"ทิศเหนือ     ติดต่อกับอำเภอรัตนบุรี (จังหวัดสุรินทร์) และอำเภอราษีไศล\nทิศตะวันออก     ติดต่อกับอำเภอราษีไศลและอำเภออุทุมพรพิสัย\nทิศใต้     ติดต่อกับอำเภอโพธิ์ศรีสุวรรณ\nทิศตะวันตก     ติดต่อกับอำเภอรัตนบุรี (จังหวัดสุรินทร์)"\r\n', 'https://upload.wikimedia.org/wikipedia/commons/thumb/0/0f/Amphoe_3311.svg/250px-Amphoe_3311.svg.png'),
(301, '3312', 'ห้วยทับทัน   ', '194.6 ตร.กม.', '42,167 คน (พ.ศ. 2558)', '15.051414, 104.024209', '"ไก่ย่างไม้มะดันเลื่องลือ ขึ้นชื่อข้าวหอมมะลิมากมาย\nหลากหลายผ้าไหมลวดลายดี\nโครงกระดูกมนุษย์โบราณพันปีน่าศึกษา\nปราสาทขอมโบราณตระการตา\nสืบสานนานมาผ้าเก็บย้อมมะเกลือ"\r\n', '"ทิศเหนือ     ติดต่อกับอำเภอเมืองจันทร์\nทิศตะวันออก     ติดต่อกับอำเภออุทุมพรพิสัย\nทิศใต้     ติดต่อกับอำเภอปรางค์กู่\nทิศตะวันตก     ติดต่อกับอำเภอสำโรงทาบ (จังหวัดสุรินทร์)"\r\n', 'https://upload.wikimedia.org/wikipedia/commons/thumb/4/46/Amphoe_3312.svg/250px-Amphoe_3312.svg.png'),
(302, '3313', 'โนนคูณ   ', '256.853 ตร.กม.', '39,198 คน (พ.ศ. 2557)', '14.927926, 104.689798', 'โนนคูณ เมืองคนดีธรรมชาติเขียวขจี เกษตรอินทรีย์ยั่งยืน\r\n', '"ทิศเหนือ     ติดต่อกับอำเภอกันทรารมย์\nทิศตะวันออก     ติดต่อกับอำเภอสำโรง (จังหวัดอุบลราชธานี)\nทิศใต้     ติดต่อกับอำเภอเดชอุดม (จังหวัดอุบลราชธานี) และอำเภอเบญจลักษ์\nทิศตะวันตก     ติดต่อกับอำเภอน้ำเกลี้ยง"\r\n', 'https://upload.wikimedia.org/wikipedia/commons/thumb/0/02/Amphoe_3313.svg/250px-Amphoe_3313.svg.png'),
(303, '3314', 'ศรีรัตนะ   ', '236.684 ตร.กม.', '52,885 คน (พ.ศ. 2557)', '14.782953, 104.476802', 'แดนข้าวโพดหวาน ข้าวสารหอม พร้อมผลไม้ ไร่กระเทียมดี ศรีรัตนะ\r\n', '"ทิศเหนือ     ติดต่อกับอำเภอพยุห์และอำเภอน้ำเกลี้ยง\nทิศตะวันออก     ติดต่อกับอำเภอเบญจลักษ์\nทิศใต้     ติดต่อกับอำเภอกันทรลักษ์และอำเภอขุนหาญ\nทิศตะวันตก     ติดต่อกับอำเภอไพรบึง"\r\n', 'https://upload.wikimedia.org/wikipedia/commons/thumb/9/9e/Amphoe_3314.svg/250px-Amphoe_3314.svg.png'),
(304, '3315', 'น้ำเกลี้ยง   ', ' 257.8 ตร.กม.', '43,852 คน (พ.ศ. 2557)', '14.928529, 104.513525', '"น้ำเกลี้ยงเมืองน้ำใส ถิ่นชาวส่วยน้ำใจดี\nมีลำห้วยมากมาย ป่าสนสองใบร่มรื่น\nชื่นชมวัฒนธรรมสืบสาน แดนเมืองโบราณพังคู"\r\n', '"ทิศเหนือ     ติดต่อกับอำเภอเมืองศรีสะเกษและอำเภอกันทรารมย์\nทิศตะวันออก     ติดต่อกับอำเภอโนนคูณ\nทิศใต้     ติดต่อกับอำเภอเบญจลักษ์และอำเภอศรีรัตนะ\nทิศตะวันตก     ติดต่อกับอำเภอพยุห์"\r\n', 'https://upload.wikimedia.org/wikipedia/commons/thumb/d/dd/Amphoe_3315.svg/250px-Amphoe_3315.svg.png'),
(305, '3316', 'วังหิน   ', ' 237.619 ตร.กม.', '49,399 คน (พ.ศ. 2557)', '14.954594, 104.207356', '"อำเภอวังหินถิ่นคนขยัน ปลอดการพนันยาเสพติด\nดำรงชีวิตแบบพอเพียง หลีกเลี่ยงทุจริตคอร์รัปชัน\nยึดมั่นคุณธรรมความดี"\r\n', '"ทิศเหนือ     ติดต่อกับอำเภออุทุมพรพิสัยและอำเภอเมืองศรีสะเกษ\nทิศตะวันออก     ติดต่อกับอำเภอเมืองศรีสะเกษและอำเภอพยุห์\nทิศใต้     ติดต่อกับอำเภอไพรบึงและอำเภอขุขันธ์\nทิศตะวันตก     ติดต่อกับอำเภอปรางค์กู่และอำเภออุทุมพรพิสัย"\r\n', 'https://upload.wikimedia.org/wikipedia/commons/thumb/e/ee/Amphoe_3316.svg/250px-Amphoe_3316.svg.png'),
(306, '3317', 'ภูสิงห์   ', '940.1 ตร.กม.', ' 53,222 คน (พ.ศ. 2557)', '14.546747, 104.129898', '"แดนเขื่อนดิน ถิ่นพระพุทธบาท ธรรมชาติสวย\nคนรวยน้ำใจ ไร่นางาม น้ำตกนาตราว"\r\n', '"ทิศเหนือ     ติดต่อกับ ตำบลโสน ตำบลห้วยใต้ ตำบลปรือใหญ่ อำเภอขุขันธ์\nทิศตะวันออก    ติดต่อกับ ตำบลปรือใหญ่ อำเภอขุขันธ์และ ตำบลกันทรอม อำเภอขุนหาญ\nทิศใต้     ติดต่อกับอำเภออันลองเวง จังหวัดอุดรมีชัย (ประเทศกัมพูชา)\nทิศตะวันตก     ติดต่อกับ ตำบลจรัส ตำบลสะเดา ตำบลตาวัง อำเภอบัวเชด (จังหวัดสุรินทร์)"\r\n', 'https://upload.wikimedia.org/wikipedia/commons/thumb/3/38/Amphoe_3317.svg/250px-Amphoe_3317.svg.png'),
(307, '3318', 'เมืองจันทร์   ', '95.830 ตร.กม.', '17,999 คน (พ.ศ. 2557)', '15.192604, 104.054094', '"ปราสาทเมืองจันทร์คู่เมือง ลือเลื่องพริกพันธุ์ดี\nมีบั้งไฟแสน แดนนกเป็ดน้ำ"\r\n', '"ทิศเหนือ     ติดต่อกับอำเภอโพธิ์ศรีสุวรรณ\nทิศตะวันออก     ติดต่อกับอำเภอโพธิ์ศรีสุวรรณและอำเภออุทุมพรพิสัย\nทิศใต้     ติดต่อกับอำเภอห้วยทับทัน\nทิศตะวันตก     ติดต่อกับอำเภอสำโรงทาบ และอำเภอโนนนารายณ์ อำเภอรัตนบุรี (จังหวัดสุรินทร์)"\r\n', 'https://upload.wikimedia.org/wikipedia/commons/thumb/d/d8/Amphoe_3318.svg/250px-Amphoe_3318.svg.png'),
(308, '3319', 'เบญจลักษ์   ', '331.3 ตร.กม.', '36,872 คน (พ.ศ. 2557)', '14.795785, 104.666865', '"เบญจลักษ์เมืองงาม ล้นหลามสามัคคี\nมากมีฟาร์มไก่ ผ้าไหมมัดหมี่ มีพุทธอุทยาน"\r\n', '"ทิศเหนือ     ติดต่อกับอำเภอโนนคูณ\nทิศตะวันออก     ติดต่อกับอำเภอเดชอุดมและอำเภอทุ่งศรีอุดม (จังหวัดอุบลราชธานี)\nทิศใต้     ติดต่อกับอำเภอกันทรลักษ์\nทิศตะวันตก     ติดต่อกับอำเภอกันทรลักษ์ อำเภอศรีรัตนะ และอำเภอน้ำเกลี้ยง"\r\n', 'https://upload.wikimedia.org/wikipedia/commons/thumb/4/40/Amphoe_3319.svg/250px-Amphoe_3319.svg.png'),
(309, '3320', 'พยุห์   ', ' 225.485 ตร.กม.', '36,092 คน (พ.ศ. 2557)', '14.907159, 104.390901', '"พยุห์ชุมชนตลาดเช้า เห็ดขอนขาวน่าทาน\nแจกันไม้กลึง 5 ดาว ข้าวหอมมะลิลือไกล\nผ้าไหมเป็นตำนาน ขนมหวานรสดี"\r\n', '"ทิศเหนือ     ติดต่อกับอำเภอเมืองศรีสะเกษ\nทิศตะวันออก     ติดต่อกับอำเภอน้ำเกลี้ยง\nทิศใต้     ติดต่อกับอำเภอศรีรัตนะและอำเภอไพรบึง\nทิศตะวันตก     ติดต่อกับอำเภอวังหิน"\r\n', 'https://upload.wikimedia.org/wikipedia/commons/thumb/1/12/Amphoe_3320.svg/250px-Amphoe_3320.svg.png'),
(310, '3321', 'โพธิ์ศรีสุวรรณ   ', '111.1 ตร.กม.', '23,945 คน (พ.ศ. 2557)', '15.230448, 104.078079', '"ถิ่นชนสองเผ่า ปลูกข้าวมะลิหอม\nพร้อมผ้าไหมงาม หัตถกรรมเลื่องลือ\nฝีมือธูปสวย คนรวยน้ำใจ"\r\n', '"ทิศเหนือ     ติดต่อกับอำเภอบึงบูรพ์\nทิศตะวันออก     ติดต่อกับอำเภออุทุมพรพิสัย\nทิศใต้     ติดต่อกับอำเภอเมืองจันทร์\nทิศตะวันตก     ติดต่อกับอำเภอเมืองจันทร์ และอำเภอรัตนบุรี (จังหวัดสุรินทร์)"\r\n', 'https://upload.wikimedia.org/wikipedia/commons/thumb/4/4e/Amphoe_3321.svg/250px-Amphoe_3321.svg.png'),
(311, '3322', 'ศิลาลาด   ', ' 131.8 ตร.กม.', '20,315 คน (พ.ศ. 2557)', '15.470921, 104.070680', '"แหล่งข้าวหอมมะลิชั้นเลิศ ถิ่นกำเนิดเมืองเก่า\nทางเข้าทุ่งกุลา มีปลาหลากหลาย\nมากมายประเพณี สามัคคีเลิศล้ำ ลุ่มลำน้ำเสียว"\r\n', '"ทิศเหนือ     ติดต่อกับอำเภอหนองฮีและอำเภอพนมไพร (จังหวัดร้อยเอ็ด)\nทิศตะวันออก     ติดต่อกับอำเภอมหาชนะชัย (จังหวัดยโสธร) และอำเภอราษีไศล\nทิศใต้     ติดต่อกับอำเภอราษีไศล\nทิศตะวันตก     ติดต่อกับอำเภอโพนทราย (จังหวัดร้อยเอ็ด)"\r\n', 'https://upload.wikimedia.org/wikipedia/commons/thumb/0/00/Amphoe_3322.svg/250px-Amphoe_3322.svg.png');

-- --------------------------------------------------------

--
-- Table structure for table `tbl_case`
--

CREATE TABLE IF NOT EXISTS `tbl_case` (
  `CASE_ID` int(11) NOT NULL AUTO_INCREMENT COMMENT 'รหัสความผิด',
  `INST_ID` int(11) DEFAULT NULL COMMENT 'รหัสหน่วยงาน',
  `POLICEST_ID` int(11) DEFAULT NULL COMMENT 'รหัสสถานีตำรวภูธร',
  `GUILT_ID` int(11) DEFAULT NULL COMMENT 'รหัสฐานความผิด',
  `TOTAL` int(10) DEFAULT NULL COMMENT 'รวมจำนวนฐานความผิด',
  `SIDE_ID` int(11) NOT NULL COMMENT 'รหัสด้านความผิด',
  `YEAR` varchar(4) NOT NULL COMMENT 'ปี',
  PRIMARY KEY (`CASE_ID`)
) ENGINE=InnoDB  DEFAULT CHARSET=utf8 AUTO_INCREMENT=1494 ;

--
-- Dumping data for table `tbl_case`
--

INSERT INTO `tbl_case` (`CASE_ID`, `INST_ID`, `POLICEST_ID`, `GUILT_ID`, `TOTAL`, `SIDE_ID`, `YEAR`) VALUES
(1, 2, 308, 1212, 1, 1, '2559'),
(2, 2, 308, 1214, 7, 1, '2558'),
(3, 2, 308, 1208, 16, 1, '2559'),
(4, 2, 308, 1212, 2, 1, '2559'),
(5, 2, 308, 1214, 3, 1, '2559'),
(6, 2, 308, 1217, 3, 1, '2558'),
(7, 2, 308, 1223, 1, 1, '2558'),
(8, 2, 308, 1249, 1, 2, '2558'),
(9, 2, 308, 1275, 1, 2, '2558'),
(10, 2, 308, 1209, 2, 1, '2559'),
(11, 2, 308, 1217, 3, 1, '2559'),
(12, 2, 308, 1218, 3, 1, '2559'),
(13, 2, 308, 1264, 1, 2, '2559'),
(14, 2, 308, 1266, 2, 2, '2559'),
(15, 2, 308, 1269, 1, 7, '2559'),
(16, 2, 308, 1275, 2, 2, '2559'),
(17, 2, 308, 1217, 1, 1, '2560'),
(18, 2, 308, 1218, 4, 1, '2560'),
(19, 2, 307, 1208, 17, 1, '2558'),
(20, 2, 307, 1214, 1, 1, '2558'),
(21, 2, 307, 1208, 21, 1, '2559'),
(22, 2, 307, 1212, 1, 1, '2559'),
(23, 2, 307, 1208, 11, 1, '2560'),
(24, 2, 307, 1214, 1, 1, '2560'),
(25, 2, 307, 1236, 1, 2, '2560'),
(26, 2, 307, 1264, 1, 2, '2558'),
(27, 2, 307, 1209, 1, 1, '2559'),
(28, 2, 307, 1210, 1, 1, '2559'),
(29, 2, 307, 1217, 2, 1, '2559'),
(30, 2, 307, 1218, 3, 1, '2559'),
(31, 2, 307, 1269, 1, 7, '2559'),
(32, 2, 307, 1217, 3, 1, '2560'),
(33, 2, 307, 1218, 10, 1, '2560'),
(34, 2, 307, 1252, 2, 2, '2560'),
(35, 2, 307, 1256, 1, 2, '2560'),
(36, 2, 290, 1208, 228, 1, '2558'),
(37, 2, 290, 1212, 10, 1, '2558'),
(38, 2, 290, 1214, 24, 1, '2558'),
(39, 2, 290, 1208, 284, 1, '2559'),
(40, 2, 290, 1212, 14, 1, '2559'),
(41, 2, 290, 1214, 22, 1, '2559'),
(42, 2, 290, 1215, 6, 1, '2559'),
(43, 2, 290, 1208, 95, 1, '2560'),
(44, 2, 290, 1212, 2, 1, '2560'),
(45, 2, 290, 1214, 12, 1, '2560'),
(46, 2, 290, 1215, 2, 1, '2560'),
(47, 2, 290, 1233, 1, 2, '2559'),
(48, 2, 290, 1234, 1, 2, '2559'),
(49, 2, 290, 1237, 3, 2, '2559'),
(50, 2, 290, 1229, 1, 4, '2560'),
(51, 2, 290, 1231, 1, 5, '2560'),
(52, 2, 290, 1233, 1, 2, '2560'),
(53, 2, 290, 1237, 6, 2, '2560'),
(54, 2, 290, 1258, 11, 1, '2560'),
(55, 2, 290, 1209, 5, 1, '2558'),
(56, 2, 290, 1213, 1, 1, '2558'),
(57, 2, 290, 1216, 1, 1, '2558'),
(58, 2, 290, 1217, 7, 1, '2558'),
(59, 2, 290, 1218, 6, 1, '2558'),
(60, 2, 290, 1219, 1, 2, '2558'),
(61, 2, 290, 1223, 8, 1, '2558'),
(62, 2, 290, 1227, 1, 1, '2558'),
(63, 2, 290, 1269, 1, 7, '2558'),
(64, 2, 290, 1275, 2, 2, '2558'),
(65, 2, 290, 1201, 1, 4, '2559'),
(66, 2, 290, 1203, 1, 4, '2559'),
(67, 2, 290, 1209, 23, 1, '2559'),
(68, 2, 290, 1210, 2, 1, '2559'),
(69, 2, 290, 1216, 1, 1, '2559'),
(70, 2, 290, 1217, 52, 1, '2559'),
(71, 2, 290, 1218, 97, 1, '2559'),
(72, 2, 290, 1219, 8, 2, '2559'),
(73, 2, 290, 1220, 12, 2, '2559'),
(74, 2, 290, 1221, 1, 2, '2559'),
(75, 2, 290, 1222, 3, 1, '2559'),
(76, 2, 290, 1223, 12, 1, '2559'),
(77, 2, 290, 1226, 1, 1, '2559'),
(78, 2, 290, 1227, 11, 1, '2559'),
(79, 2, 290, 1238, 1, 1, '2559'),
(80, 2, 290, 1246, 1, 7, '2559'),
(81, 2, 290, 1248, 1, 5, '2559'),
(82, 2, 290, 1249, 13, 2, '2559'),
(83, 2, 290, 1252, 7, 2, '2559'),
(84, 2, 290, 1262, 1, 9, '2559'),
(85, 2, 290, 1265, 1, 1, '2559'),
(86, 2, 290, 1269, 9, 7, '2559'),
(87, 2, 290, 1271, 1, 7, '2559'),
(88, 2, 290, 1273, 1, 5, '2559'),
(89, 2, 290, 1274, 1, 2, '2559'),
(90, 2, 290, 1275, 8, 2, '2559'),
(91, 2, 290, 1232, 1, 2, '2559'),
(93, 2, 290, 1201, 1, 4, '2560'),
(94, 2, 290, 1209, 15, 1, '2559'),
(95, 2, 290, 1211, 1, 1, '2559'),
(96, 2, 290, 1216, 1, 1, '2559'),
(97, 2, 290, 1217, 14, 1, '2559'),
(98, 2, 290, 1218, 46, 1, '2559'),
(99, 2, 290, 1219, 3, 2, '2559'),
(100, 2, 290, 1220, 7, 2, '2559'),
(101, 2, 290, 1222, 2, 1, '2559'),
(102, 2, 290, 1223, 9, 1, '2559'),
(103, 2, 290, 1226, 1, 1, '2559'),
(104, 2, 290, 1227, 5, 1, '2559'),
(105, 2, 290, 1238, 4, 1, '2559'),
(106, 2, 290, 1239, 1, 1, '2559'),
(107, 2, 290, 1242, 1, 5, '2559'),
(108, 2, 290, 1249, 5, 2, '2559'),
(109, 2, 290, 1252, 1, 2, '2559'),
(110, 2, 290, 1254, 1, 1, '2559'),
(111, 2, 290, 1256, 1, 2, '2559'),
(112, 2, 290, 1269, 2, 7, '2559'),
(113, 2, 290, 1272, 2, 5, '2559'),
(114, 2, 290, 1275, 4, 2, '2559'),
(115, 2, 302, 1208, 20, 1, '2558'),
(116, 2, 302, 1214, 2, 1, '2558'),
(117, 2, 302, 1208, 26, 1, '2559'),
(118, 2, 302, 1214, 1, 1, '2559'),
(119, 2, 302, 1233, 1, 2, '2559'),
(120, 2, 302, 1217, 8, 1, '2558'),
(121, 2, 302, 1218, 2, 1, '2558'),
(122, 2, 302, 1224, 1, 1, '2558'),
(123, 2, 302, 1264, 2, 2, '2558'),
(124, 2, 302, 1275, 1, 2, '2558'),
(125, 2, 310, 1208, 11, 1, '2558'),
(126, 2, 310, 1214, 2, 1, '2558'),
(127, 2, 310, 1208, 17, 1, '2559'),
(128, 2, 310, 1212, 2, 1, '2559'),
(129, 2, 310, 1214, 3, 1, '2559'),
(130, 2, 310, 1237, 1, 2, '2559'),
(131, 2, 310, 1259, 1, 2, '2559'),
(132, 2, 310, 1209, 2, 1, '2559'),
(133, 2, 310, 1217, 9, 1, '2559'),
(134, 2, 310, 1218, 6, 1, '2559'),
(135, 2, 310, 1223, 1, 1, '2559'),
(136, 2, 310, 1269, 1, 7, '2559'),
(137, 2, 310, 1217, 12, 1, '2560'),
(138, 2, 310, 1218, 15, 1, '2560'),
(139, 2, 310, 1223, 3, 1, '2560'),
(140, 2, 295, 1208, 18, 1, '2558'),
(141, 2, 295, 1214, 5, 1, '2558'),
(142, 2, 295, 1208, 17, 1, '2559'),
(143, 2, 295, 1212, 1, 1, '2559'),
(144, 2, 295, 1214, 3, 1, '2559'),
(145, 2, 295, 1215, 1, 1, '2559'),
(146, 2, 295, 1208, 1, 1, '2560'),
(147, 2, 295, 1233, 1, 2, '2559'),
(148, 2, 295, 1259, 1, 2, '2560'),
(149, 2, 295, 1217, 6, 1, '2558'),
(150, 2, 295, 1222, 1, 1, '2558'),
(151, 2, 295, 1223, 1, 1, '2558'),
(152, 2, 295, 1266, 1, 2, '2558'),
(153, 2, 295, 1269, 1, 7, '2558'),
(154, 2, 295, 1217, 9, 1, '2559'),
(155, 2, 295, 1218, 9, 1, '2559'),
(156, 2, 295, 1220, 1, 2, '2559'),
(157, 2, 295, 1223, 5, 1, '2559'),
(158, 2, 295, 1249, 1, 2, '2559'),
(159, 2, 295, 1252, 1, 2, '2559'),
(160, 2, 295, 1217, 1, 1, '2560'),
(161, 2, 295, 1218, 7, 1, '2560'),
(162, 2, 295, 1227, 1, 1, '2560'),
(163, 2, 293, 1208, 110, 1, '2558'),
(164, 2, 293, 1214, 22, 1, '2558'),
(165, 2, 293, 1208, 142, 1, '2559'),
(166, 2, 293, 1212, 1, 1, '2559'),
(167, 2, 293, 1214, 21, 1, '2559'),
(168, 2, 293, 1208, 4, 1, '2560'),
(169, 2, 293, 1260, 1, 2, '2558'),
(170, 2, 293, 1233, 2, 2, '2559'),
(171, 2, 293, 1236, 1, 2, '2560'),
(172, 2, 293, 1237, 1, 2, '2560'),
(173, 2, 293, 1209, 4, 1, '2558'),
(174, 2, 293, 1217, 25, 1, '2558'),
(175, 2, 293, 1218, 6, 1, '2558'),
(176, 2, 293, 1222, 3, 1, '2558'),
(177, 2, 293, 1223, 9, 1, '2558'),
(178, 2, 293, 1228, 1, 1, '2558'),
(179, 2, 293, 1241, 1, 2, '2558'),
(180, 2, 293, 1261, 5, 2, '2558'),
(181, 2, 293, 1268, 1, 2, '2558'),
(182, 2, 293, 1269, 1, 7, '2558'),
(183, 2, 293, 1209, 7, 1, '2559'),
(184, 2, 293, 1217, 49, 1, '2559'),
(185, 2, 293, 1218, 20, 1, '2559'),
(186, 2, 293, 1219, 2, 2, '2559'),
(187, 2, 293, 1220, 1, 2, '2559'),
(188, 2, 293, 1222, 1, 1, '2559'),
(189, 2, 293, 1223, 11, 1, '2559'),
(190, 2, 293, 1227, 1, 1, '2559'),
(191, 2, 293, 1249, 2, 2, '2559'),
(192, 2, 293, 1252, 3, 2, '2559'),
(193, 2, 293, 1261, 5, 2, '2559'),
(194, 2, 293, 1264, 1, 2, '2559'),
(195, 2, 293, 1265, 1, 1, '2559'),
(196, 2, 293, 1266, 1, 2, '2559'),
(197, 2, 293, 1269, 3, 7, '2559'),
(198, 2, 293, 1275, 1, 2, '2559'),
(199, 2, 293, 1232, 1, 2, '2559'),
(200, 2, 293, 1209, 1, 1, '2560'),
(201, 2, 293, 1218, 1, 1, '2560'),
(202, 2, 293, 1220, 2, 2, '2560'),
(203, 2, 293, 1245, 1, 7, '2560'),
(204, 2, 292, 1208, 44, 1, '2558'),
(205, 2, 292, 1214, 8, 1, '2558'),
(206, 2, 292, 1208, 67, 1, '2559'),
(207, 2, 292, 1212, 4, 1, '2559'),
(208, 2, 292, 1214, 12, 1, '2559'),
(209, 2, 292, 1215, 2, 1, '2559'),
(210, 2, 292, 1208, 43, 1, '2560'),
(211, 2, 292, 1214, 9, 1, '2560'),
(212, 2, 292, 1230, 1, 5, '2559'),
(213, 2, 292, 1209, 1, 1, '2558'),
(214, 2, 292, 1217, 9, 1, '2558'),
(215, 2, 292, 1222, 1, 1, '2558'),
(216, 2, 292, 1223, 2, 1, '2558'),
(217, 2, 292, 1227, 1, 1, '2558'),
(218, 2, 292, 1269, 3, 7, '2558'),
(219, 2, 292, 1275, 1, 2, '2558'),
(220, 2, 292, 1203, 1, 4, '2559'),
(221, 2, 292, 1209, 15, 1, '2559'),
(222, 2, 292, 1217, 59, 1, '2559'),
(223, 2, 292, 1218, 19, 1, '2559'),
(224, 2, 292, 1219, 1, 2, '2559'),
(225, 2, 292, 1220, 3, 2, '2559'),
(226, 2, 292, 1222, 2, 1, '2559'),
(227, 2, 292, 1223, 9, 1, '2559'),
(228, 2, 292, 1227, 1, 1, '2559'),
(229, 2, 292, 1249, 5, 2, '2559'),
(230, 2, 292, 1261, 1, 2, '2559'),
(231, 2, 292, 1256, 1, 2, '2559'),
(232, 2, 292, 1265, 3, 1, '2559'),
(233, 2, 292, 1269, 13, 7, '2559'),
(234, 2, 292, 1270, 2, 2, '2559'),
(235, 2, 292, 1275, 1, 2, '2559'),
(236, 2, 292, 1232, 1, 2, '2559'),
(237, 2, 292, 1202, 1, 4, '2560'),
(238, 2, 292, 1203, 1, 4, '2560'),
(239, 2, 292, 1204, 1, 4, '2560'),
(240, 2, 292, 1209, 7, 1, '2560'),
(241, 2, 292, 1217, 20, 1, '2560'),
(242, 2, 292, 1218, 19, 1, '2560'),
(243, 2, 292, 1219, 4, 2, '2560'),
(244, 2, 292, 1223, 1, 1, '2560'),
(245, 2, 292, 1228, 1, 1, '2560'),
(246, 2, 292, 1238, 1, 1, '2560'),
(247, 2, 292, 1249, 1, 2, '2560'),
(248, 2, 292, 1252, 1, 2, '2560'),
(249, 2, 292, 1269, 8, 7, '2560'),
(250, 2, 294, 1208, 72, 1, '2558'),
(251, 2, 294, 1212, 1, 1, '2558'),
(252, 2, 294, 1214, 3, 1, '2558'),
(253, 2, 294, 1208, 114, 1, '2559'),
(254, 2, 294, 1212, 2, 1, '2559'),
(255, 2, 294, 1214, 14, 1, '2559'),
(256, 2, 294, 1215, 2, 1, '2559'),
(257, 2, 294, 1208, 50, 1, '2560'),
(258, 2, 294, 1212, 1, 1, '2560'),
(259, 2, 294, 1214, 6, 1, '2560'),
(260, 2, 294, 1215, 2, 1, '2560'),
(261, 2, 294, 1229, 1, 4, '2559'),
(262, 2, 294, 1229, 2, 4, '2560'),
(263, 2, 294, 1231, 2, 5, '2560'),
(264, 2, 294, 1233, 2, 2, '2560'),
(265, 2, 294, 1234, 1, 2, '2560'),
(266, 2, 294, 1237, 4, 2, '2560'),
(267, 2, 294, 1257, 4, 2, '2560'),
(268, 2, 294, 1258, 7, 1, '2560'),
(269, 2, 294, 1259, 1, 2, '2560'),
(271, 2, 294, 1217, 3, 1, '2558'),
(272, 2, 294, 1219, 1, 2, '2558'),
(273, 2, 294, 1269, 1, 7, '2558'),
(274, 2, 294, 1275, 1, 2, '2558'),
(275, 2, 294, 1203, 2, 4, '2559'),
(276, 2, 294, 1206, 1, 2, '2559'),
(277, 2, 294, 1209, 16, 1, '2559'),
(278, 2, 294, 1210, 3, 1, '2559'),
(279, 2, 294, 1217, 38, 1, '2559'),
(280, 2, 294, 1218, 14, 1, '2559'),
(281, 2, 294, 1219, 6, 2, '2559'),
(282, 2, 294, 1220, 6, 2, '2559'),
(283, 2, 294, 1222, 2, 1, '2559'),
(284, 2, 294, 1223, 8, 1, '2559'),
(285, 2, 294, 1248, 1, 5, '2559'),
(286, 2, 294, 1249, 2, 2, '2559'),
(287, 2, 294, 1252, 1, 2, '2559'),
(288, 2, 294, 1256, 2, 2, '2559'),
(289, 2, 294, 1264, 6, 2, '2559'),
(290, 2, 294, 1269, 3, 7, '2559'),
(291, 2, 294, 1270, 1, 2, '2559'),
(292, 2, 294, 1271, 1, 7, '2559'),
(293, 2, 294, 1275, 8, 2, '2559'),
(294, 2, 294, 1202, 2, 4, '2560'),
(295, 2, 294, 1207, 1, 2, '2560'),
(296, 2, 294, 1209, 4, 1, '2560'),
(297, 2, 294, 1210, 1, 1, '2560'),
(298, 2, 294, 1216, 1, 1, '2560'),
(299, 2, 294, 1217, 12, 1, '2560'),
(300, 2, 294, 1218, 42, 1, '2560'),
(301, 2, 294, 1219, 4, 2, '2560'),
(302, 2, 294, 1220, 3, 2, '2560'),
(303, 2, 294, 1221, 1, 2, '2560'),
(304, 2, 294, 1222, 3, 1, '2560'),
(305, 2, 294, 1223, 3, 1, '2560'),
(306, 2, 294, 1224, 1, 1, '2560'),
(307, 2, 294, 1238, 1, 1, '2560'),
(308, 2, 294, 1240, 3, 5, '2560'),
(309, 2, 294, 1247, 1, 7, '2560'),
(310, 2, 294, 1249, 1, 2, '2560'),
(311, 2, 294, 1252, 2, 2, '2560'),
(312, 2, 294, 1254, 1, 1, '2560'),
(313, 2, 294, 1269, 2, 7, '2560'),
(314, 2, 294, 1270, 1, 2, '2560'),
(315, 2, 297, 1208, 132, 1, '2558'),
(316, 2, 297, 1212, 1, 1, '2558'),
(317, 2, 297, 1214, 6, 1, '2558'),
(318, 2, 297, 1215, 1, 1, '2558'),
(319, 2, 297, 1208, 111, 1, '2559'),
(320, 2, 297, 1214, 16, 1, '2559'),
(321, 2, 297, 1215, 4, 1, '2559'),
(322, 2, 297, 1208, 2, 1, '2560'),
(323, 2, 297, 1257, 1, 2, '2558'),
(324, 2, 297, 1258, 1, 1, '2558'),
(325, 2, 297, 1233, 1, 2, '2559'),
(326, 2, 297, 1229, 1, 4, '2560'),
(327, 2, 297, 1209, 1, 1, '2558'),
(328, 2, 297, 1217, 19, 1, '2558'),
(329, 2, 297, 1218, 6, 1, '2558'),
(330, 2, 297, 1223, 1, 1, '2558'),
(331, 2, 297, 1261, 1, 2, '2558'),
(332, 2, 297, 1264, 1, 2, '2558'),
(333, 2, 297, 1266, 1, 2, '2558'),
(334, 2, 297, 1269, 2, 7, '2558'),
(335, 2, 297, 1275, 2, 2, '2558'),
(336, 2, 297, 1217, 27, 1, '2559'),
(337, 2, 297, 1218, 18, 1, '2559'),
(338, 2, 297, 1220, 1, 2, '2559'),
(339, 2, 297, 1221, 1, 2, '2559'),
(340, 2, 297, 1222, 1, 1, '2559'),
(341, 2, 297, 1223, 5, 1, '2559'),
(342, 2, 297, 1245, 1, 7, '2559'),
(343, 2, 297, 1249, 1, 2, '2559'),
(344, 2, 297, 1261, 3, 2, '2559'),
(345, 2, 297, 1256, 1, 2, '2559'),
(346, 2, 297, 1264, 3, 2, '2559'),
(347, 2, 297, 1266, 2, 2, '2559'),
(348, 2, 297, 1269, 1, 7, '2559'),
(349, 2, 297, 1217, 1, 1, '2560'),
(350, 2, 297, 1218, 3, 1, '2560'),
(351, 2, 297, 1223, 1, 1, '2560'),
(352, 2, 304, 1208, 25, 1, '2558'),
(353, 2, 304, 1214, 5, 1, '2558'),
(354, 2, 304, 1208, 47, 1, '2559'),
(355, 2, 304, 1214, 6, 1, '2559'),
(356, 2, 304, 1208, 26, 1, '2560'),
(357, 2, 304, 1212, 1, 1, '2560'),
(358, 2, 304, 1214, 3, 1, '2560'),
(359, 2, 304, 1237, 1, 2, '2560'),
(360, 2, 304, 1209, 2, 1, '2558'),
(361, 2, 304, 1217, 11, 1, '2558'),
(362, 2, 304, 1218, 6, 1, '2558'),
(363, 2, 304, 1252, 1, 2, '2558'),
(364, 2, 304, 1209, 6, 1, '2559'),
(365, 2, 304, 1210, 1, 1, '2559'),
(366, 2, 304, 1217, 17, 1, '2559'),
(367, 2, 304, 1218, 18, 1, '2559'),
(368, 2, 304, 1219, 3, 2, '2559'),
(369, 2, 304, 1220, 2, 2, '2559'),
(370, 2, 304, 1223, 2, 1, '2559'),
(371, 2, 304, 1228, 1, 1, '2559'),
(372, 2, 304, 1249, 3, 2, '2559'),
(373, 2, 304, 1252, 2, 2, '2559'),
(374, 2, 304, 1264, 2, 2, '2559'),
(375, 2, 304, 1265, 1, 1, '2559'),
(376, 2, 304, 1269, 3, 7, '2559'),
(377, 2, 304, 1275, 4, 2, '2559'),
(378, 2, 304, 1209, 9, 1, '2560'),
(379, 2, 304, 1217, 8, 1, '2560'),
(380, 2, 304, 1218, 14, 1, '2560'),
(381, 2, 304, 1220, 1, 2, '2560'),
(382, 2, 304, 1238, 1, 1, '2560'),
(383, 2, 304, 1256, 1, 2, '2560'),
(384, 2, 300, 1208, 12, 1, '2558'),
(385, 2, 300, 1208, 3, 1, '2559'),
(386, 2, 300, 1208, 2, 1, '2560'),
(387, 2, 300, 1215, 1, 1, '2560'),
(389, 2, 300, 1264, 1, 2, '2558'),
(390, 2, 300, 1217, 3, 1, '2559'),
(391, 2, 300, 1218, 2, 1, '2559'),
(392, 2, 300, 1222, 1, 1, '2559'),
(393, 2, 300, 1262, 1, 9, '2559'),
(394, 2, 300, 1217, 2, 1, '2560'),
(395, 2, 300, 1218, 5, 1, '2560'),
(396, 2, 300, 1219, 1, 2, '2560'),
(397, 2, 300, 1249, 1, 2, '2560'),
(398, 2, 296, 1208, 21, 1, '2558'),
(399, 2, 296, 1212, 2, 1, '2558'),
(400, 2, 296, 1214, 4, 1, '2558'),
(401, 2, 296, 1208, 24, 1, '2559'),
(402, 2, 296, 1212, 2, 1, '2559'),
(403, 2, 296, 1214, 3, 1, '2559'),
(404, 2, 296, 1208, 20, 1, '2560'),
(405, 2, 296, 1214, 3, 1, '2560'),
(406, 2, 296, 1231, 1, 5, '2559'),
(407, 2, 296, 1229, 2, 4, '2560'),
(408, 2, 296, 1231, 1, 5, '2560'),
(409, 2, 296, 1233, 1, 2, '2560'),
(410, 2, 296, 1234, 1, 2, '2560'),
(411, 2, 296, 1237, 2, 2, '2560'),
(412, 2, 296, 1259, 1, 2, '2560'),
(413, 2, 296, 1203, 2, 4, '2559'),
(414, 2, 296, 1209, 4, 1, '2559'),
(415, 2, 296, 1217, 9, 1, '2559'),
(416, 2, 296, 1218, 9, 1, '2559'),
(417, 2, 296, 1219, 2, 2, '2559'),
(418, 2, 296, 1220, 1, 2, '2559'),
(419, 2, 296, 1223, 4, 1, '2559'),
(420, 2, 296, 1225, 1, 1, '2559'),
(421, 2, 296, 1248, 2, 5, '2559'),
(422, 2, 296, 1249, 3, 2, '2559'),
(423, 2, 296, 1256, 1, 2, '2559'),
(424, 2, 296, 1273, 2, 5, '2559'),
(425, 2, 296, 1202, 1, 4, '2560'),
(426, 2, 296, 1209, 1, 1, '2560'),
(427, 2, 296, 1217, 9, 1, '2560'),
(428, 2, 296, 1218, 20, 1, '2560'),
(429, 2, 296, 1219, 1, 2, '2560'),
(430, 2, 296, 1223, 1, 1, '2560'),
(431, 2, 309, 1208, 18, 1, '2558'),
(432, 2, 309, 1214, 3, 1, '2558'),
(433, 2, 309, 1208, 37, 1, '2559'),
(434, 2, 309, 1214, 3, 1, '2559'),
(435, 2, 309, 1208, 9, 1, '2560'),
(436, 2, 309, 1258, 1, 1, '2558'),
(437, 2, 309, 1231, 1, 5, '2559'),
(438, 2, 309, 1234, 1, 2, '2559'),
(439, 2, 309, 1258, 1, 1, '2559'),
(440, 2, 309, 1209, 1, 1, '2558'),
(441, 2, 309, 1217, 4, 1, '2558'),
(442, 2, 309, 1218, 1, 1, '2558'),
(443, 2, 309, 1269, 1, 7, '2558'),
(444, 2, 309, 1275, 1, 2, '2558'),
(445, 2, 309, 1209, 3, 1, '2559'),
(446, 2, 309, 1217, 14, 1, '2559'),
(447, 2, 309, 1218, 16, 1, '2559'),
(448, 2, 309, 1222, 1, 1, '2559'),
(449, 2, 309, 1223, 4, 1, '2559'),
(450, 2, 309, 1249, 6, 2, '2559'),
(451, 2, 309, 1252, 2, 2, '2559'),
(452, 2, 309, 1261, 2, 2, '2559'),
(453, 2, 309, 1264, 1, 2, '2559'),
(454, 2, 309, 1269, 4, 7, '2559'),
(455, 2, 309, 1210, 1, 1, '2560'),
(456, 2, 309, 1217, 6, 1, '2560'),
(457, 2, 309, 1218, 11, 1, '2560'),
(458, 2, 309, 1220, 1, 2, '2560'),
(459, 2, 309, 1238, 1, 1, '2560'),
(460, 2, 309, 1252, 1, 2, '2560'),
(461, 2, 309, 1256, 1, 2, '2560'),
(462, 2, 309, 1269, 2, 7, '2560'),
(463, 2, 306, 1208, 27, 1, '2558'),
(464, 2, 306, 1214, 2, 1, '2558'),
(465, 2, 306, 1208, 53, 1, '2559'),
(466, 2, 306, 1212, 1, 1, '2559'),
(467, 2, 306, 1214, 5, 1, '2559'),
(468, 2, 306, 1215, 1, 1, '2559'),
(469, 2, 306, 1208, 30, 1, '2560'),
(470, 2, 306, 1214, 3, 1, '2560'),
(471, 2, 306, 1256, 1, 2, '2558'),
(472, 2, 306, 1237, 1, 2, '2559'),
(473, 2, 306, 1258, 1, 1, '2559'),
(474, 2, 306, 1229, 2, 4, '2560'),
(475, 2, 306, 1231, 1, 5, '2560'),
(476, 2, 306, 1234, 2, 2, '2560'),
(477, 2, 306, 1257, 4, 2, '2560'),
(478, 2, 306, 1258, 11, 1, '2560'),
(479, 2, 306, 1264, 1, 2, '2558'),
(480, 2, 306, 1269, 2, 7, '2558'),
(481, 2, 306, 1201, 1, 4, '2559'),
(482, 2, 306, 1209, 10, 1, '2559'),
(483, 2, 306, 1210, 1, 1, '2559'),
(484, 2, 306, 1216, 2, 1, '2559'),
(485, 2, 306, 1217, 13, 1, '2559'),
(486, 2, 306, 1218, 4, 1, '2559'),
(487, 2, 306, 1219, 2, 2, '2559'),
(488, 2, 306, 1220, 1, 2, '2559'),
(489, 2, 306, 1222, 1, 1, '2559'),
(490, 2, 306, 1223, 1, 1, '2559'),
(491, 2, 306, 1224, 1, 1, '2559'),
(492, 2, 306, 1227, 3, 1, '2559'),
(493, 2, 306, 1249, 2, 2, '2559'),
(494, 2, 306, 1252, 2, 2, '2559'),
(495, 2, 306, 1256, 2, 2, '2559'),
(496, 2, 306, 1264, 4, 2, '2559'),
(497, 2, 306, 1265, 1, 1, '2559'),
(498, 2, 306, 1267, 1, 2, '2559'),
(499, 2, 306, 1269, 2, 7, '2559'),
(500, 2, 306, 1271, 1, 7, '2559'),
(501, 2, 306, 1209, 2, 1, '2560'),
(502, 2, 306, 1217, 16, 1, '2560'),
(503, 2, 306, 1218, 15, 1, '2560'),
(504, 2, 306, 1219, 2, 2, '2560'),
(505, 2, 306, 1220, 1, 2, '2560'),
(506, 2, 306, 1223, 1, 1, '2560'),
(507, 2, 306, 1227, 1, 1, '2560'),
(508, 2, 306, 1269, 2, 7, '2560'),
(509, 2, 306, 1270, 1, 2, '2560'),
(510, 2, 291, 1208, 67, 1, '2558'),
(511, 2, 291, 1212, 5, 1, '2558'),
(512, 2, 291, 1214, 7, 1, '2558'),
(513, 2, 291, 1215, 1, 1, '2558'),
(514, 2, 291, 1208, 31, 1, '2559'),
(515, 2, 291, 1214, 1, 1, '2559'),
(516, 2, 291, 1208, 98, 1, '2560'),
(517, 2, 291, 1212, 5, 1, '2560'),
(518, 2, 291, 1214, 8, 1, '2560'),
(519, 2, 291, 1215, 1, 1, '2560'),
(520, 2, 291, 1231, 1, 5, '2559'),
(521, 2, 291, 1237, 1, 2, '2559'),
(522, 2, 291, 1209, 1, 1, '2558'),
(523, 2, 291, 1217, 2, 1, '2558'),
(524, 2, 291, 1223, 1, 1, '2558'),
(525, 2, 291, 1209, 2, 1, '2559'),
(526, 2, 291, 1216, 2, 1, '2559'),
(527, 2, 291, 1217, 5, 1, '2559'),
(528, 2, 291, 1218, 5, 1, '2559'),
(529, 2, 291, 1220, 4, 2, '2559'),
(530, 2, 291, 1222, 1, 1, '2559'),
(531, 2, 291, 1223, 1, 1, '2559'),
(532, 2, 291, 1243, 2, 5, '2559'),
(533, 2, 291, 1249, 1, 2, '2559'),
(534, 2, 291, 1251, 1, 2, '2559'),
(535, 2, 291, 1252, 1, 2, '2559'),
(536, 2, 291, 1254, 1, 1, '2559'),
(537, 2, 291, 1255, 1, 1, '2559'),
(538, 2, 291, 1261, 2, 2, '2559'),
(539, 2, 291, 1264, 1, 2, '2559'),
(540, 2, 291, 1269, 1, 7, '2559'),
(541, 2, 291, 1209, 2, 1, '2560'),
(542, 2, 291, 1217, 4, 1, '2560'),
(543, 2, 291, 1218, 5, 1, '2560'),
(544, 2, 291, 1220, 2, 2, '2560'),
(545, 2, 291, 1223, 2, 1, '2560'),
(546, 2, 291, 1224, 1, 1, '2560'),
(547, 2, 291, 1269, 1, 7, '2560'),
(548, 2, 298, 1208, 85, 1, '2558'),
(549, 2, 298, 1212, 2, 1, '2558'),
(550, 2, 298, 1214, 14, 1, '2558'),
(551, 2, 298, 1215, 1, 1, '2558'),
(552, 2, 298, 1208, 78, 1, '2559'),
(553, 2, 298, 1212, 5, 1, '2559'),
(554, 2, 298, 1214, 12, 1, '2559'),
(555, 2, 298, 1208, 38, 1, '2560'),
(556, 2, 298, 1214, 4, 1, '2560'),
(557, 2, 298, 1231, 1, 5, '2559'),
(558, 2, 298, 1231, 1, 5, '2560'),
(559, 2, 298, 1233, 3, 2, '2560'),
(560, 2, 298, 1236, 1, 2, '2560'),
(561, 2, 298, 1237, 3, 2, '2560'),
(562, 2, 298, 1258, 10, 1, '2560'),
(563, 2, 298, 1259, 1, 2, '2560'),
(564, 2, 298, 1209, 1, 1, '2558'),
(565, 2, 298, 1201, 1, 4, '2559'),
(566, 2, 298, 1202, 1, 4, '2559'),
(567, 2, 298, 1203, 1, 4, '2559'),
(568, 2, 298, 1209, 11, 1, '2559'),
(569, 2, 298, 1210, 1, 1, '2559'),
(570, 2, 298, 1217, 31, 1, '2559'),
(571, 2, 298, 1218, 16, 1, '2559'),
(572, 2, 298, 1219, 6, 2, '2559'),
(573, 2, 298, 1220, 4, 2, '2559'),
(574, 2, 298, 1221, 1, 2, '2559'),
(575, 2, 298, 1222, 1, 1, '2559'),
(576, 2, 298, 1223, 3, 1, '2559'),
(577, 2, 298, 1245, 1, 7, '2559'),
(578, 2, 298, 1249, 3, 2, '2559'),
(579, 2, 298, 1261, 1, 2, '2559'),
(580, 2, 298, 1264, 1, 2, '2559'),
(581, 2, 298, 1265, 1, 1, '2559'),
(582, 2, 298, 1269, 9, 7, '2559'),
(583, 2, 298, 1275, 2, 2, '2559'),
(584, 2, 298, 1201, 1, 4, '2560'),
(585, 2, 298, 1209, 2, 1, '2560'),
(586, 2, 298, 1217, 13, 1, '2560'),
(587, 2, 298, 1218, 22, 1, '2560'),
(588, 2, 298, 1219, 2, 2, '2560'),
(589, 2, 298, 1220, 2, 2, '2560'),
(590, 2, 298, 1223, 3, 1, '2560'),
(591, 2, 298, 1238, 2, 1, '2560'),
(592, 2, 298, 1249, 1, 2, '2560'),
(593, 2, 298, 1269, 2, 7, '2560'),
(594, 2, 305, 1208, 24, 1, '2558'),
(595, 2, 305, 1212, 1, 1, '2558'),
(596, 2, 305, 1214, 5, 1, '2558'),
(597, 2, 305, 1215, 1, 1, '2558'),
(598, 2, 305, 1208, 23, 1, '2559'),
(599, 2, 305, 1212, 2, 1, '2559'),
(600, 2, 305, 1214, 3, 1, '2559'),
(601, 2, 305, 1215, 2, 1, '2559'),
(602, 2, 305, 1208, 17, 1, '2560'),
(603, 2, 305, 1212, 1, 1, '2560'),
(604, 2, 305, 1214, 6, 1, '2560'),
(605, 2, 305, 1231, 1, 5, '2559'),
(606, 2, 305, 1237, 1, 2, '2560'),
(607, 2, 305, 1257, 1, 2, '2560'),
(608, 2, 305, 1258, 1, 1, '2560'),
(609, 2, 305, 1218, 1, 1, '2558'),
(610, 2, 305, 1223, 2, 1, '2558'),
(611, 2, 305, 1249, 1, 2, '2558'),
(612, 2, 305, 1268, 1, 2, '2558'),
(613, 2, 305, 1269, 1, 7, '2558'),
(614, 2, 305, 1275, 2, 2, '2558'),
(615, 2, 305, 1202, 1, 4, '2559'),
(616, 2, 305, 1205, 1, 5, '2559'),
(617, 2, 305, 1209, 3, 1, '2559'),
(618, 2, 305, 1210, 2, 1, '2559'),
(619, 2, 305, 1217, 21, 1, '2559'),
(620, 2, 305, 1218, 23, 1, '2559'),
(621, 2, 305, 1219, 5, 2, '2559'),
(622, 2, 305, 1220, 1, 2, '2559'),
(623, 2, 305, 1222, 2, 1, '2559'),
(624, 2, 305, 1223, 3, 1, '2559'),
(625, 2, 305, 1252, 2, 2, '2559'),
(626, 2, 305, 1264, 1, 2, '2559'),
(627, 2, 305, 1269, 1, 7, '2559'),
(628, 2, 305, 1275, 3, 2, '2559'),
(629, 2, 305, 1203, 1, 4, '2560'),
(630, 2, 305, 1209, 2, 1, '2560'),
(631, 2, 305, 1217, 7, 1, '2560'),
(632, 2, 305, 1218, 14, 1, '2560'),
(633, 2, 305, 1219, 1, 2, '2560'),
(634, 2, 305, 1223, 2, 1, '2560'),
(635, 2, 305, 1252, 1, 2, '2560'),
(636, 2, 305, 1256, 1, 2, '2560'),
(637, 2, 303, 1208, 48, 1, '2558'),
(638, 2, 303, 1208, 55, 1, '2559'),
(639, 2, 303, 1214, 1, 1, '2559'),
(640, 2, 303, 1208, 9, 1, '2560'),
(641, 2, 303, 1209, 1, 1, '2558'),
(642, 2, 303, 1217, 4, 1, '2558'),
(643, 2, 303, 1218, 3, 1, '2558'),
(644, 2, 303, 1252, 1, 2, '2558'),
(645, 2, 303, 1269, 1, 7, '2558'),
(646, 2, 303, 1275, 2, 2, '2558'),
(647, 2, 303, 1203, 1, 4, '2559'),
(648, 2, 303, 1209, 5, 1, '2559'),
(649, 2, 303, 1217, 16, 1, '2559'),
(650, 2, 303, 1218, 10, 1, '2559'),
(651, 2, 303, 1223, 4, 1, '2559'),
(652, 2, 303, 1249, 1, 2, '2559'),
(653, 2, 303, 1252, 1, 2, '2559'),
(654, 2, 303, 1261, 2, 2, '2559'),
(655, 2, 303, 1269, 1, 7, '2559'),
(656, 2, 303, 1217, 5, 1, '2560'),
(657, 2, 303, 1218, 2, 1, '2560'),
(658, 2, 303, 1275, 1, 2, '2560'),
(659, 2, 311, 1208, 21, 1, '2558'),
(660, 2, 311, 1214, 1, 1, '2558'),
(661, 2, 311, 1208, 21, 1, '2559'),
(662, 2, 311, 1214, 1, 1, '2559'),
(663, 2, 311, 1208, 7, 1, '2560'),
(664, 2, 311, 1258, 1, 1, '2558'),
(665, 2, 311, 1233, 1, 2, '2559'),
(666, 2, 311, 1256, 1, 2, '2560'),
(667, 2, 311, 1258, 1, 1, '2560'),
(668, 2, 311, 1259, 1, 2, '2560'),
(669, 2, 311, 1252, 1, 2, '2558'),
(670, 2, 311, 1209, 1, 1, '2560'),
(671, 2, 311, 1210, 1, 1, '2560'),
(672, 2, 311, 1217, 9, 1, '2560'),
(673, 2, 311, 1218, 11, 1, '2560'),
(674, 2, 301, 1208, 29, 1, '2558'),
(675, 2, 301, 1208, 34, 1, '2559'),
(676, 2, 301, 1212, 4, 1, '2559'),
(677, 2, 301, 1214, 2, 1, '2559'),
(678, 2, 301, 1208, 20, 1, '2560'),
(679, 2, 301, 1217, 1, 1, '2558'),
(680, 2, 301, 1201, 1, 4, '2559'),
(681, 2, 301, 1203, 1, 4, '2559'),
(682, 2, 301, 1209, 1, 1, '2559'),
(683, 2, 301, 1217, 1, 1, '2559'),
(684, 2, 301, 1218, 5, 1, '2559'),
(685, 2, 301, 1219, 2, 2, '2559'),
(686, 2, 301, 1220, 1, 2, '2559'),
(687, 2, 301, 1239, 1, 1, '2559'),
(688, 2, 301, 1249, 5, 2, '2559'),
(689, 2, 301, 1250, 1, 7, '2559'),
(690, 2, 301, 1209, 1, 1, '2560'),
(691, 2, 301, 1217, 1, 1, '2560'),
(692, 2, 301, 1218, 10, 1, '2560'),
(693, 2, 301, 1219, 2, 2, '2560'),
(694, 2, 301, 1249, 1, 2, '2560'),
(695, 2, 301, 1269, 2, 7, '2560'),
(696, 2, 301, 1275, 2, 2, '2560'),
(698, 2, 299, 1208, 115, 1, '2558'),
(699, 2, 299, 1212, 3, 1, '2558'),
(700, 2, 299, 1214, 13, 1, '2558'),
(701, 2, 299, 1208, 161, 1, '2559'),
(702, 2, 299, 1212, 4, 1, '2559'),
(703, 2, 299, 1214, 15, 1, '2559'),
(704, 2, 299, 1208, 67, 1, '2560'),
(705, 2, 299, 1212, 1, 1, '2560'),
(706, 2, 299, 1214, 13, 1, '2560'),
(707, 2, 299, 1215, 1, 1, '2560'),
(708, 2, 299, 1237, 1, 2, '2558'),
(709, 2, 299, 1231, 1, 5, '2559'),
(710, 2, 299, 1257, 1, 2, '2559'),
(711, 2, 299, 1258, 1, 1, '2559'),
(712, 2, 299, 1229, 1, 4, '2560'),
(713, 2, 299, 1231, 7, 5, '2560'),
(714, 2, 299, 1233, 2, 2, '2560'),
(715, 2, 299, 1234, 2, 2, '2560'),
(716, 2, 299, 1235, 1, 2, '2560'),
(717, 2, 299, 1237, 6, 2, '2560'),
(718, 2, 299, 1257, 2, 2, '2560'),
(719, 2, 299, 1258, 19, 1, '2560'),
(720, 2, 299, 1259, 1, 2, '2560'),
(721, 2, 299, 1222, 1, 1, '2558'),
(722, 2, 299, 1223, 1, 1, '2558'),
(723, 2, 299, 1203, 1, 4, '2559'),
(724, 2, 299, 1209, 18, 1, '2559'),
(725, 2, 299, 1210, 2, 1, '2559'),
(726, 2, 299, 1217, 6, 1, '2559'),
(727, 2, 299, 1218, 29, 1, '2559'),
(728, 2, 299, 1219, 4, 2, '2559'),
(729, 2, 299, 1220, 2, 2, '2559'),
(730, 2, 299, 1222, 4, 1, '2559'),
(731, 2, 299, 1223, 5, 1, '2559'),
(732, 2, 299, 1244, 1, 5, '2559'),
(733, 2, 299, 1252, 6, 2, '2559'),
(734, 2, 299, 1269, 3, 7, '2559'),
(735, 2, 299, 1272, 2, 5, '2559'),
(736, 2, 299, 1201, 1, 4, '2560'),
(737, 2, 299, 1203, 1, 4, '2560'),
(738, 2, 299, 1205, 4, 5, '2560'),
(739, 2, 299, 1209, 7, 1, '2560'),
(740, 2, 299, 1217, 6, 1, '2560'),
(741, 2, 299, 1218, 29, 1, '2560'),
(742, 2, 299, 1219, 3, 2, '2560'),
(743, 2, 299, 1220, 1, 2, '2560'),
(744, 2, 299, 1222, 1, 1, '2560'),
(745, 2, 299, 1223, 4, 1, '2560'),
(746, 2, 299, 1242, 1, 5, '2560'),
(747, 2, 299, 1245, 1, 7, '2560'),
(748, 2, 299, 1247, 1, 7, '2560'),
(749, 2, 299, 1252, 1, 2, '2560'),
(750, 2, 299, 1264, 2, 2, '2560'),
(751, 2, 299, 1269, 1, 7, '2560'),
(1344, 3, 297, 1273, 1, 5, '2560'),
(1345, 3, 297, 1244, 2, 5, '2560'),
(1346, 3, 297, 1265, 13, 1, '2560'),
(1347, 3, 297, 1256, 10, 2, '2560'),
(1348, 3, 297, 1269, 2, 7, '2560'),
(1349, 3, 297, 1264, 5, 2, '2560'),
(1350, 3, 297, 1256, 1, 2, '2560'),
(1351, 3, 290, 1275, 2, 2, '2560'),
(1352, 3, 290, 1273, 2, 5, '2560'),
(1353, 3, 290, 1229, 1, 4, '2560'),
(1354, 3, 290, 1236, 1, 2, '2560'),
(1355, 3, 290, 1265, 10, 1, '2560'),
(1356, 3, 290, 1256, 10, 2, '2560'),
(1357, 3, 290, 1269, 2, 7, '2560'),
(1358, 3, 290, 1256, 5, 2, '2560'),
(1359, 3, 293, 1275, 5, 2, '2560'),
(1360, 3, 293, 1273, 2, 5, '2560'),
(1361, 3, 293, 1229, 3, 4, '2560'),
(1362, 3, 293, 1236, 2, 2, '2560'),
(1363, 3, 293, 1252, 3, 2, '2560'),
(1364, 3, 293, 1249, 1, 2, '2560'),
(1365, 3, 293, 1265, 16, 1, '2560'),
(1366, 3, 293, 1256, 11, 2, '2560'),
(1367, 3, 293, 1264, 2, 2, '2560'),
(1368, 3, 293, 1256, 2, 2, '2560'),
(1369, 3, 292, 1275, 4, 2, '2560'),
(1370, 3, 292, 1273, 3, 5, '2560'),
(1371, 3, 292, 1265, 7, 1, '2560'),
(1372, 3, 292, 1256, 2, 2, '2560'),
(1373, 3, 299, 1275, 1, 2, '2560'),
(1374, 3, 299, 1252, 1, 2, '2560'),
(1375, 3, 299, 1265, 4, 1, '2560'),
(1376, 3, 299, 1269, 3, 7, '2560'),
(1377, 3, 301, 1249, 1, 2, '2560'),
(1378, 3, 301, 1265, 2, 1, '2560'),
(1379, 3, 301, 1256, 3, 2, '2560'),
(1380, 3, 295, 1244, 1, 5, '2560'),
(1381, 3, 295, 1265, 3, 1, '2560'),
(1382, 3, 295, 1256, 3, 2, '2560'),
(1383, 3, 295, 1269, 1, 7, '2560'),
(1384, 3, 294, 1275, 1, 2, '2560'),
(1385, 3, 294, 1249, 1, 2, '2560'),
(1386, 3, 294, 1265, 16, 1, '2560'),
(1387, 3, 294, 1256, 8, 2, '2560'),
(1388, 3, 294, 1269, 2, 7, '2560'),
(1389, 3, 294, 1256, 1, 2, '2560'),
(1390, 3, 306, 1244, 1, 5, '2560'),
(1391, 3, 306, 1265, 3, 1, '2560'),
(1392, 3, 306, 1256, 1, 2, '2560'),
(1393, 3, 306, 1269, 1, 7, '2560'),
(1394, 3, 306, 1264, 4, 2, '2560'),
(1395, 3, 304, 1275, 1, 2, '2560'),
(1396, 3, 304, 1229, 2, 4, '2560'),
(1397, 3, 304, 1236, 2, 2, '2560'),
(1398, 3, 304, 1252, 1, 2, '2560'),
(1399, 3, 304, 1265, 8, 1, '2560'),
(1400, 3, 304, 1256, 3, 2, '2560'),
(1401, 3, 304, 1269, 1, 7, '2560'),
(1402, 3, 305, 1244, 1, 5, '2560'),
(1403, 3, 305, 1265, 1, 1, '2560'),
(1404, 3, 305, 1256, 1, 2, '2560'),
(1405, 3, 305, 1269, 4, 7, '2560'),
(1406, 3, 298, 1275, 1, 2, '2560'),
(1407, 3, 298, 1265, 4, 1, '2560'),
(1408, 3, 298, 1256, 3, 2, '2560'),
(1409, 3, 296, 1249, 1, 2, '2560'),
(1410, 3, 296, 1265, 3, 1, '2560'),
(1411, 3, 296, 1256, 4, 2, '2560'),
(1412, 3, 309, 1265, 2, 1, '2560'),
(1413, 3, 309, 1269, 1, 7, '2560'),
(1414, 3, 302, 1244, 1, 5, '2560'),
(1415, 3, 302, 1265, 3, 1, '2560'),
(1416, 3, 302, 1256, 1, 2, '2560'),
(1417, 3, 302, 1269, 1, 7, '2560'),
(1418, 3, 291, 1265, 2, 1, '2560'),
(1419, 3, 311, 1265, 3, 1, '2560'),
(1420, 3, 311, 1256, 3, 2, '2560'),
(1421, 3, 311, 1256, 1, 2, '2560'),
(1422, 3, 307, 1265, 3, 1, '2560'),
(1423, 3, 307, 1256, 1, 2, '2560'),
(1424, 3, 307, 1269, 1, 7, '2560'),
(1425, 3, 303, 1275, 1, 2, '2560'),
(1426, 3, 303, 1265, 4, 1, '2560'),
(1427, 3, 303, 1256, 4, 2, '2560'),
(1428, 3, 310, 1275, 1, 2, '2560'),
(1429, 3, 310, 1273, 1, 5, '2560'),
(1430, 3, 310, 1265, 3, 1, '2560'),
(1431, 1, 308, 1258, 21, 1, '2560'),
(1432, 1, 307, 1249, 3, 2, '2560'),
(1433, 1, 307, 1258, 37, 1, '2560'),
(1434, 1, 290, 1249, 19, 2, '2560'),
(1435, 1, 290, 1262, 1, 9, '2560'),
(1436, 1, 290, 1258, 286, 1, '2560'),
(1437, 1, 290, 1249, 5, 2, '2560'),
(1438, 1, 290, 1258, 25, 1, '2560'),
(1439, 1, 290, 1249, 1, 2, '2560'),
(1440, 1, 290, 1258, 24, 1, '2560'),
(1441, 1, 302, 1249, 5, 2, '2560'),
(1442, 1, 302, 1258, 49, 1, '2560'),
(1443, 1, 310, 1258, 17, 1, '2560'),
(1444, 1, 295, 1249, 5, 2, '2560'),
(1445, 1, 295, 1258, 37, 1, '2560'),
(1446, 1, 293, 1249, 21, 2, '2560'),
(1447, 1, 293, 1258, 203, 1, '2560'),
(1448, 1, 293, 1249, 2, 2, '2560'),
(1449, 1, 293, 1258, 12, 1, '2560'),
(1450, 1, 293, 1249, 3, 2, '2560'),
(1451, 1, 293, 1258, 11, 1, '2560'),
(1452, 1, 293, 1249, 3, 2, '2560'),
(1453, 1, 293, 1258, 25, 1, '2560'),
(1454, 1, 292, 1249, 4, 2, '2560'),
(1455, 1, 292, 1258, 62, 1, '2560'),
(1456, 1, 294, 1249, 8, 2, '2560'),
(1457, 1, 294, 1258, 78, 1, '2560'),
(1458, 1, 294, 1249, 3, 2, '2560'),
(1459, 1, 294, 1258, 17, 1, '2560'),
(1460, 1, 294, 1249, 4, 2, '2560'),
(1461, 1, 294, 1258, 18, 1, '2560'),
(1462, 1, 297, 1249, 1, 2, '2560'),
(1463, 1, 297, 1258, 30, 1, '2560'),
(1464, 1, 297, 1249, 1, 2, '2560'),
(1465, 1, 297, 1258, 15, 1, '2560'),
(1466, 1, 297, 1249, 6, 2, '2560'),
(1467, 1, 297, 1258, 55, 1, '2560'),
(1468, 1, 304, 1249, 5, 2, '2560'),
(1469, 1, 304, 1258, 23, 1, '2560'),
(1470, 1, 300, 1249, 1, 2, '2560'),
(1471, 1, 300, 1258, 7, 1, '2560'),
(1472, 1, 296, 1249, 2, 2, '2560'),
(1473, 1, 296, 1258, 36, 1, '2560'),
(1474, 1, 309, 1249, 1, 2, '2560'),
(1475, 1, 309, 1258, 21, 1, '2560'),
(1476, 1, 306, 1249, 1, 2, '2560'),
(1477, 1, 306, 1258, 36, 1, '2560'),
(1478, 1, 291, 1249, 4, 2, '2560'),
(1479, 1, 291, 1258, 57, 1, '2560'),
(1480, 1, 298, 1249, 6, 2, '2560'),
(1481, 1, 298, 1258, 132, 1, '2560'),
(1482, 1, 305, 1249, 9, 2, '2560'),
(1483, 1, 305, 1258, 28, 1, '2560'),
(1484, 1, 303, 1249, 2, 2, '2560'),
(1485, 1, 303, 1258, 8, 1, '2560'),
(1486, 1, 303, 1249, 9, 2, '2560'),
(1487, 1, 303, 1258, 58, 1, '2560'),
(1488, 1, 311, 1249, 4, 2, '2560'),
(1489, 1, 311, 1258, 13, 1, '2560'),
(1490, 1, 301, 1249, 11, 2, '2560'),
(1491, 1, 301, 1258, 11, 1, '2560'),
(1492, 1, 299, 1249, 7, 2, '2560'),
(1493, 1, 299, 1258, 116, 1, '2560');

-- --------------------------------------------------------

--
-- Table structure for table `tbl_guilt`
--

CREATE TABLE IF NOT EXISTS `tbl_guilt` (
  `GUILT_ID` int(11) NOT NULL COMMENT 'รหัสฐานความผิด',
  `GUILT_NAME` varchar(100) NOT NULL COMMENT 'ฐานความผิด',
  PRIMARY KEY (`GUILT_ID`)
) ENGINE=InnoDB DEFAULT CHARSET=utf8;

--
-- Dumping data for table `tbl_guilt`
--

INSERT INTO `tbl_guilt` (`GUILT_ID`, `GUILT_NAME`) VALUES
(1201, 'เกี่ยวกับเพศ,กระทำอนาจาร'),
(1203, 'เกี่ยวกับเพศ,พรากผู้เยาว์'),
(1204, 'เกี่ยวกับเพศ,อื่นๆ'),
(1205, 'เกี่ยวกับเอกสาร'),
(1206, 'เกี่ยวกับการก่อให้เกิดอันตรายต่อประชาชน,กระทำให้เกิดเพลิงไหม้'),
(1207, 'เกี่ยวกับการก่อให้เกิดอันตรายต่อประชาชน,วางเพลิงเผาทรัพย์'),
(1208, 'เสพ'),
(1209, 'เสพเมทแอมเฟตามีน'),
(1210, 'เสพและครอบครองเพื่อจำหน่ายเมทแอมเฟตามีน'),
(1211, 'เสพและครอบครองเพื่อจำหน่ายกัญชา'),
(1212, 'เสพและจำหน่าย'),
(1213, 'เสพและจำหน่ายเมทแอมเฟตามีน'),
(1214, 'เสพและมีไว้ครอบครอง'),
(1215, 'เสพและมีไว้ครอบครองเพื่อจำหน่าย'),
(1216, 'เสพกัญชา'),
(1217, 'ขับรถและเสพสิ่งเสพติด'),
(1218, 'ขับรถในขณะเมาสุรา'),
(1219, 'ขับรถประมาท เป็นเหตุให้ผู้อื่นถึงแก่ชีวิต'),
(1220, 'ขับรถประมาท เป็นเหตุให้ผู้อื่นบาดเจ็บสาหัส'),
(1221, 'ขับรถประมาท(อื่นๆ)'),
(1222, 'ครอบครองเมทแอมเฟตามีน'),
(1223, 'ครอบครองและเสพเมทแอมเฟตามีน'),
(1224, 'ครอบครองและเสพกัญชา'),
(1225, 'ครอบครองและเสพยาเสพติดอื่นๆ'),
(1226, 'ครอบครองและจำหน่ายเมทแอมเฟตามีน'),
(1227, 'ครอบครองกัญชา'),
(1228, 'ครอบครองพืชกระท่อม'),
(1229, 'ความผิดเกี่ยวกับเพศ'),
(1230, 'ความผิดเกี่ยวกับเอกสาร'),
(1231, 'ความผิดเกี่ยวกับทรัพย์'),
(1232, 'วิ่งราวทรัพย์'),
(1233, 'ความผิดฐานขับรถประมาท'),
(1234, 'ความผิดฐานบุกรุก'),
(1235, 'ความผิดต่อเจ้าพนักงาน'),
(1236, 'ความผิดต่อเสรีภาพ'),
(1237, 'ความผิดต่อชีวิตและร่างกาย'),
(1238, 'จำหน่ายเมทแอมเฟตามีน'),
(1239, 'จำหน่ายกัญชา'),
(1240, 'ฉ้อโกงทรัพย์'),
(1241, 'ชิงทรัพย์'),
(1242, 'ต่อเจ้าพนักงาน,แสดงตนเป็นเจ้าพนักงาน โดยตนเองมิได้เป็น'),
(1243, 'ต่อเจ้าพนักงาน,ดูหมิ่น'),
(1244, 'ต่อเจ้าพนักงานในการยุติธรรม'),
(1245, 'ต่อชีวิต,กระทำโดยประมาท(ตาย)'),
(1246, 'ต่อชีวิต,ฆ่าผู้อื่นโดยเจตนา'),
(1247, 'ต่อชีวิต,อื่นๆ'),
(1248, 'ต่อตำแหน่งหน้าที่ราชการ'),
(1249, 'ต่อร่างกาย,ทำร้ายร่างกาย'),
(1250, 'ต่อร่างกาย,ทำร้ายร่างกาย (ตาย)'),
(1251, 'ทำให้เสียทรัพย์'),
(1252, 'บุกรุก'),
(1254, 'ผลิตและจำหน่ายยาเสพติดประเภท 5 (กัญชา)'),
(1255, 'ผลิตยาเสพติดประเภท 5 (กระท่อม)'),
(1256, 'พ.ร.บ. จราจรทางบก'),
(1257, 'พ.ร.บ. ป่าไม้ ป่าสงวน'),
(1258, 'พ.ร.บ. ยาเสพติด'),
(1259, 'พ.ร.บ. อาวุธปืน'),
(1260, 'พ.ร.บ. อื่นๆ'),
(1261, 'พ.ร.บ.การพนัน'),
(1262, 'พ.ร.บ.คุ้มครองแรงงาน'),
(1263, 'พ.ร.บ.จราจรทางบก'),
(1264, 'พ.ร.บ.ป่าไม้,ป่าสงวนแห่งชาติ'),
(1265, 'พ.ร.บ.ยาเสพติดให้โทษ'),
(1266, 'พ.ร.บ.รับราชการทหาร'),
(1267, 'พ.ร.บ.สงวนและคุ้มครองสัตว์ป่า'),
(1268, 'พ.ร.บ.ห้ามเรียกดอกเบี้ยเกินอัตรา'),
(1269, 'พ.ร.บ.อาวุธปืน'),
(1270, 'พยายามฆ่า'),
(1271, 'มีวัตถุระเบิด'),
(1272, 'ยักยอกทรัพย์'),
(1273, 'รับของโจร'),
(1274, 'รีดเอาทรัพย์'),
(1275, 'ลักทรัพย์');

-- --------------------------------------------------------

--
-- Table structure for table `tbl_side`
--

CREATE TABLE IF NOT EXISTS `tbl_side` (
  `SIDE_ID` int(11) NOT NULL AUTO_INCREMENT COMMENT 'รหัสด้านงาน',
  `SIDE_NAME` varchar(100) NOT NULL COMMENT 'ด้านงาน',
  PRIMARY KEY (`SIDE_ID`)
) ENGINE=InnoDB  DEFAULT CHARSET=utf8 AUTO_INCREMENT=10 ;

--
-- Dumping data for table `tbl_side`
--

INSERT INTO `tbl_side` (`SIDE_ID`, `SIDE_NAME`) VALUES
(1, 'ด้านยาเสพติด'),
(2, 'ด้านพฤติกรรม'),
(3, 'ด้านการศึกษา'),
(4, 'ด้านเพศการมีเพศสัมพันธ์ก่อนวัยอันควร'),
(5, 'ด้านคุณธรรม จริยธรรม '),
(6, 'ด้านการใช้เวลาว่าง'),
(7, 'ด้านการก่ออาชญากรรม'),
(8, 'ด้านครอบครัว'),
(9, 'ด้านการค้ามนุษย์แรงงานเด็ก ');

-- --------------------------------------------------------

--
-- Table structure for table `tb_report_booking`
--

CREATE TABLE IF NOT EXISTS `tb_report_booking` (
  `bk_id` int(13) NOT NULL AUTO_INCREMENT,
  `bk_user_code` bigint(10) NOT NULL,
  `bk_date` date NOT NULL,
  `bk_customer_code` bigint(10) NOT NULL,
  `bk_customer_name` varchar(40) NOT NULL,
  `bk_remark` varchar(225) NOT NULL,
  PRIMARY KEY (`bk_id`)
) ENGINE=InnoDB  DEFAULT CHARSET=utf8 AUTO_INCREMENT=15 ;

--
-- Dumping data for table `tb_report_booking`
--

INSERT INTO `tb_report_booking` (`bk_id`, `bk_user_code`, `bk_date`, `bk_customer_code`, `bk_customer_name`, `bk_remark`) VALUES
(1, 2556020001, '2013-07-01', 2147483647, 'Mr.Brain', ''),
(2, 2556020001, '2013-07-04', 32123, 'Mr.BomBae', ''),
(3, 2556020001, '2013-07-05', 2147483647, 'Mr.Brain', ''),
(4, 2556020001, '2013-07-17', 32123, 'Mr.BomBae', ''),
(5, 2556020001, '2013-07-04', 25560, 'Mr.Brain', ''),
(6, 2556020001, '2013-07-05', 121212, 'Mr.Brain333', ''),
(7, 2556020002, '2013-07-05', 32123, 'asdfasdf', ''),
(8, 2556020003, '2013-07-02', 20002, 'Mr.Brain44', ''),
(9, 2556020005, '2013-07-25', 5601249, 'Mr.Lee JungKi', ''),
(10, 2556020005, '2013-07-10', 5601249, 'Mr.Jang Okjong', ''),
(11, 2556020005, '2013-07-10', 5601249, 'Mr.Jang Okjong', ''),
(12, 2556020005, '2013-07-10', 5601249, 'Mr.Jang Okjong', ''),
(13, 2556020001, '2013-07-10', 5601249, 'Mr.Jang Okjong', ''),
(14, 2556020003, '2013-07-21', 5601249, 'Mr.Jang Okjong', '');

-- --------------------------------------------------------

--
-- Table structure for table `tb_user`
--

CREATE TABLE IF NOT EXISTS `tb_user` (
  `user_id` int(11) NOT NULL AUTO_INCREMENT COMMENT 'อัตโนมัติ',
  `user_code` varchar(20) NOT NULL COMMENT 'รหัสสมาชิก',
  `user_name` varchar(30) NOT NULL COMMENT 'ชื่อล็อกอิน',
  `user_password` varchar(60) NOT NULL COMMENT 'รหัสผ่าน',
  `user_fullname` varchar(100) NOT NULL COMMENT 'ชื่อนามสกุล',
  `user_nickname` varchar(30) NOT NULL COMMENT 'ชื่อเล่น',
  `user_school` varchar(50) NOT NULL COMMENT 'โรงเรียน',
  `user_level` int(1) NOT NULL COMMENT 'ระดับ',
  `user_active_status` int(1) NOT NULL COMMENT 'สถานะ',
  PRIMARY KEY (`user_id`)
) ENGINE=MyISAM  DEFAULT CHARSET=utf8 COMMENT='ข้อมูลสมาชิก' AUTO_INCREMENT=8 ;

--
-- Dumping data for table `tb_user`
--

INSERT INTO `tb_user` (`user_id`, `user_code`, `user_name`, `user_password`, `user_fullname`, `user_nickname`, `user_school`, `user_level`, `user_active_status`) VALUES
(6, '2556020006', 'sunzandesign6', 'abc123', 'นายณัฐพงษ์ คงรี', '', '', 2, 1),
(5, '2556020005', 'sunzandesign5', 'abc123', 'นางสาวอรทัย ใจเย็น', '', '', 2, 1),
(4, '2556020004', 'sunzandesign4', 'abc123', 'นางสาวสุวิมล สุดใจ', '', '', 2, 1),
(3, '2556020003', 'sunzandesign3', 'abc123', 'นางสาวรุ่งนภา พงษ์พันธ์', '', '', 2, 1),
(2, '2556020002', 'sunzandesign2', 'abc1234', 'นายรณพีร์ พณรี', '', '', 2, 1),
(1, '2556020001', 'sunzandesign', 'abc123', 'ซันซาน ดีไซน์', '', '', 1, 1),
(7, '2556020007', 'sunzandesign7', 'abc123', 'นายนิคม บุญส่ง', '', '', 2, 1);

-- --------------------------------------------------------

--
-- Table structure for table `tdl_institution`
--

CREATE TABLE IF NOT EXISTS `tdl_institution` (
  `INST_ID` int(11) NOT NULL AUTO_INCREMENT COMMENT 'รหัสหน่วยงาน',
  `INST_NAME` varchar(100) NOT NULL COMMENT 'ชื่อหน่วยงาน',
  `INST_MAP` text NOT NULL COMMENT 'ลิ้งค์แผนที่',
  `INST_LOCATION` text NOT NULL COMMENT 'ที่ตั้ง',
  `TEL` varchar(10) NOT NULL COMMENT 'เบอร์โทรศัพท์',
  `INST_LOGO` varchar(100) NOT NULL COMMENT 'logo',
  PRIMARY KEY (`INST_ID`)
) ENGINE=InnoDB  DEFAULT CHARSET=utf8 AUTO_INCREMENT=5 ;

--
-- Dumping data for table `tdl_institution`
--

INSERT INTO `tdl_institution` (`INST_ID`, `INST_NAME`, `INST_MAP`, `INST_LOCATION`, `TEL`, `INST_LOGO`) VALUES
(1, 'กองกำกับการตำรวจภูธรอำเภอเมืองศรีสะเกษ', '<iframe src="https://www.google.com/maps/embed?pb=!1m18!1m12!1m3!1d3851.6819114638015!2d104.32972161476053!3d15.120849868169078!2m3!1f0!2f0!3f0!3m2!1i1024!2i768!4f13.1!3m3!1m2!1s0x3116e2d7f9c87119%3A0x37b32b8f3e9cff23!2z4Liq4LiW4Liy4LiZ4Li14LiV4Liz4Lij4Lin4LiI4Lig4Li54LiY4Lij4LmA4Lih4Li34Lit4LiH4Lio4Lij4Li14Liq4Liw4LmA4LiB4Lip!5e0!3m2!1sth!2sth!4v1503591255209" width="304" height="250" frameborder="0" style="border:0" allowfullscreen></iframe>', 'ตำบล เมืองเหนือ อำเภอเมืองศรีสะเกษ ศรีสะเกษ 33000', '045611555', 'http://1.bp.blogspot.com/-oASISr20jLY/UX_ydb1MLWI/AAAAAAAAAU0/Lec7Q3vO1a8/s320/%E0%B9%82%E0%B8%A5%E0'),
(2, 'สำนักงานคุมประพฤติจังหวัดศรีสะเกษ', '<iframe src="https://www.google.com/maps/embed?pb=!1m18!1m12!1m3!1d3851.951496953563!2d104.32361081476039!3d15.106001668540957!2m3!1f0!2f0!3f0!3m2!1i1024!2i768!4f13.1!3m3!1m2!1s0x3116e2e6c4848831%3A0x743c1823a9ce067c!2z4Liq4Liz4LiZ4Lix4LiB4LiH4Liy4LiZ4LiE4Li44Lih4Lib4Lij4Liw4Lie4Lik4LiV4Li04LiI4Lix4LiH4Lir4Lin4Lix4LiU4Lio4Lij4Li14Liq4Liw4LmA4LiB4Lip!5e0!3m2!1sth!2sth!4v1503588697628" width="304" height="250" frameborder="0" style="border:0" allowfullscreen></iframe>', 'ตำบล หนองครก อำเภอเมืองศรีสะเกษ ศรีสะเกษ 33000', '045612545', 'http://pr.prd.go.th/ubonratchathani/images/article/news262/n20130327145129_4683.jpg'),
(3, 'ศาลเยาวชนและครอบครัวจังหวัดศรีสะเกษ', '<iframe src="https://www.google.com/maps/embed?pb=!1m14!1m8!1m3!1d15407.629811314802!2d104.3215457!3d15.1084285!3m2!1i1024!2i768!4f13.1!3m3!1m2!1s0x0%3A0x3b4af11527273fe!2z4Lio4Liy4Lil4LmA4Lii4Liy4LiK4LiZ4LmB4Lil4Liw4LiE4Lij4Lit4Lia4LiE4Lij4Lix4Lin4LiI4Lix4LiH4Lir4Lin4Lix4LiU4Lio4Lij4Li14Liq4Liw4LmA4LiB4Lip!5e0!3m2!1sth!2sth!4v1503600281531" width="305" height="200" frameborder="0" style="border:0" allowfullscreen></iframe>', 'ตำบล หนองครก อำเภอเมืองศรีสะเกษ ศรีสะเกษ 33000', '045614309 ', 'http://it56.itsisaket.com/children/img/pcbjc_logo.jpg'),
(4, 'สำนักงานคณะกรรมการการศึกษาขั้นพื้นฐาน', '', 'หมู่ ที่ 3 ถนน กันทรลักษ์ ศรีสะเกษ ตำบล กระ แซง 33110, อำเภอ', '045810561', 'http://fb1-fg.lnwfile.com/_/fg/_raw/ho/g7/c9.jpg');

-- --------------------------------------------------------

--
-- Table structure for table `tdl_police`
--

CREATE TABLE IF NOT EXISTS `tdl_police` (
  `PST_ID` int(11) NOT NULL AUTO_INCREMENT,
  `AMPHUR_ID` int(5) NOT NULL COMMENT 'รหัสอำเภอ',
  `INST_ID` int(11) NOT NULL COMMENT 'รหัสหน่วยงาน',
  PRIMARY KEY (`PST_ID`)
) ENGINE=InnoDB  DEFAULT CHARSET=utf8 AUTO_INCREMENT=23 ;

--
-- Dumping data for table `tdl_police`
--

INSERT INTO `tdl_police` (`PST_ID`, `AMPHUR_ID`, `INST_ID`) VALUES
(1, 290, 1),
(2, 291, 1),
(3, 292, 1),
(4, 293, 1),
(5, 294, 1),
(6, 295, 1),
(7, 296, 1),
(8, 297, 1),
(9, 298, 1),
(10, 299, 1),
(11, 300, 1),
(12, 301, 1),
(13, 302, 1),
(14, 303, 1),
(15, 304, 1),
(16, 305, 1),
(17, 306, 1),
(18, 307, 1),
(19, 308, 1),
(20, 309, 1),
(21, 310, 1),
(22, 311, 1);

/*!40101 SET CHARACTER_SET_CLIENT=@OLD_CHARACTER_SET_CLIENT */;
/*!40101 SET CHARACTER_SET_RESULTS=@OLD_CHARACTER_SET_RESULTS */;
/*!40101 SET COLLATION_CONNECTION=@OLD_COLLATION_CONNECTION */;
